com.samsung.health.step_count,1144003,6
speed,pkg_name,count,sample_position_type,time_offset,start_time,calorie,deviceuuid,custom,end_time,datauuid,distance,create_time,update_time
1.228024,com.sec.android.app.shealth,11,,-18000000,"05/31/2021, 1:21:00 PM",0.353215,C/h8iEGOM6,,"05/31/2021, 1:22:00 PM",16224852-0000-0000-0000-224852600000,8.216904,"05/31/2021, 1:57:05 PM","05/31/2021, 1:57:05 PM",
0.626979,com.sec.android.app.shealth,15,,-18000000,"05/31/2021, 1:28:00 PM",0.708033,C/h8iEGOM6,,"05/31/2021, 1:29:00 PM",16224856-0000-0000-0000-224856800000,11.807903,"05/31/2021, 1:57:05 PM","05/31/2021, 1:57:05 PM",
0.356407,com.sec.android.app.shealth,17,,-18000000,"05/31/2021, 1:29:00 PM",1.191121,C/h8iEGOM6,,"05/31/2021, 1:30:00 PM",16224857-0000-0000-0000-224857400000,14.114621,"05/31/2021, 1:57:05 PM","05/31/2021, 1:57:05 PM",
1.127836,com.sec.android.app.shealth,17,,-18000000,"05/31/2021, 1:35:00 PM",0.611743,C/h8iEGOM6,,"05/31/2021, 1:36:00 PM",16224861-0000-0000-0000-224861000000,12.680716,"05/31/2021, 1:57:05 PM","05/31/2021, 1:57:05 PM",
0.662354,com.sec.android.app.shealth,8,,-18000000,"05/31/2021, 1:44:00 PM",0.283394,C/h8iEGOM6,,"05/31/2021, 1:45:00 PM",16224866-0000-0000-0000-224866400000,4.787999,"05/31/2021, 3:00:18 PM","05/31/2021, 3:00:18 PM",
0.598168,com.sec.android.app.shealth,10,,-18000000,"05/31/2021, 1:57:00 PM",0.422387,C/h8iEGOM6,,"05/31/2021, 1:58:00 PM",16224874-0000-0000-0000-224874200000,7.107186,"05/31/2021, 3:00:18 PM","05/31/2021, 3:00:18 PM",
0.518636,com.sec.android.app.shealth,8,,-18000000,"05/31/2021, 1:59:00 PM",0.358140,C/h8iEGOM6,,"05/31/2021, 2:00:00 PM",16224875-0000-0000-0000-224875400000,5.685749,"05/31/2021, 3:00:18 PM","05/31/2021, 3:00:18 PM",
1.238913,com.sec.android.app.shealth,14,,-18000000,"05/31/2021, 3:46:00 PM",0.592230,C/h8iEGOM6,,"05/31/2021, 3:47:00 PM",16224939-0000-0000-0000-224939600000,12.568497,"05/31/2021, 4:40:21 PM","05/31/2021, 4:40:21 PM",
0.824997,com.sec.android.app.shealth,9,,-18000000,"05/31/2021, 3:47:00 PM",0.320395,C/h8iEGOM6,,"05/31/2021, 3:48:00 PM",16224940-0000-0000-0000-224940200000,5.947592,"05/31/2021, 4:40:21 PM","05/31/2021, 4:40:21 PM",
1.011695,com.sec.android.app.shealth,32,,-18000000,"05/31/2021, 6:28:00 PM",1.555153,C/h8iEGOM6,,"05/31/2021, 6:29:00 PM",16225036-0000-0000-0000-225036800000,31.084585,"05/31/2021, 7:06:01 PM","05/31/2021, 7:06:01 PM",
1.138889,com.sec.android.app.shealth,11,230002,-18000000,"05/31/2021, 1:22:00 PM",0.400000,XMabZl3IH3,,"05/31/2021, 1:22:59 PM",7b1c0e6a-0667-4ae7-7ddd-3c1862b5a976,7.850000,"05/31/2021, 1:27:27 PM","05/31/2021, 1:27:27 PM",
1.138889,com.sec.android.app.shealth,19,230002,-18000000,"05/31/2021, 1:28:00 PM",0.570000,XMabZl3IH3,,"05/31/2021, 1:28:59 PM",501e063a-5c01-ff1b-d329-2f0b8a96b0a0,14.210000,"05/31/2021, 1:30:03 PM","05/31/2021, 1:30:03 PM",
2.305556,com.sec.android.app.shealth,10,230002,-18000000,"05/31/2021, 1:30:00 PM",0.610000,XMabZl3IH3,,"05/31/2021, 1:30:59 PM",93fc63ee-99a0-d485-44b0-4494efd9a9b1,9.740000,"05/31/2021, 1:32:54 PM","05/31/2021, 1:32:54 PM",
1.361111,com.sec.android.app.shealth,17,230002,-18000000,"05/31/2021, 1:32:00 PM",0.640000,XMabZl3IH3,,"05/31/2021, 1:32:59 PM",ed0cd08b-2ff6-33e1-00c3-04eae9705167,12.780000,"05/31/2021, 1:32:54 PM","05/31/2021, 1:32:54 PM",
1.305556,com.sec.android.app.shealth,13,230002,-18000000,"05/31/2021, 1:33:00 PM",0.460000,XMabZl3IH3,,"05/31/2021, 1:33:59 PM",53906f90-2eda-bd3a-9c5e-e902c20f3b5a,9.680000,"05/31/2021, 1:35:02 PM","05/31/2021, 1:35:02 PM",
1.166667,com.sec.android.app.shealth,11,230002,-18000000,"05/31/2021, 1:35:00 PM",0.390000,XMabZl3IH3,,"05/31/2021, 1:35:59 PM",282529f0-80c6-e7e1-a20f-c37b6fceaee4,8.040000,"05/31/2021, 1:35:50 PM","05/31/2021, 1:35:50 PM",
1.555556,com.sec.android.app.shealth,12,230002,-18000000,"05/31/2021, 1:47:00 PM",0.390000,XMabZl3IH3,,"05/31/2021, 1:47:59 PM",b063fb33-eaec-c168-d8b2-efa8370f289c,9.430000,"05/31/2021, 1:52:05 PM","05/31/2021, 1:52:05 PM",
1.333333,com.sec.android.app.shealth,14,230002,-18000000,"05/31/2021, 3:46:00 PM",0.470000,XMabZl3IH3,,"05/31/2021, 3:46:59 PM",f3d117d2-880e-ba5c-b18c-3b6dc2931eee,10.580000,"05/31/2021, 3:46:39 PM","05/31/2021, 3:46:39 PM",
1.222222,com.sec.android.app.shealth,10,230002,-18000000,"05/31/2021, 3:47:00 PM",0.370000,XMabZl3IH3,,"05/31/2021, 3:47:59 PM",dfd075c1-96f5-c297-4f3f-1896d383a1df,7.110000,"05/31/2021, 3:49:35 PM","05/31/2021, 3:49:35 PM",
1.194444,com.sec.android.app.shealth,12,230002,-18000000,"05/31/2021, 4:11:00 PM",0.390000,XMabZl3IH3,,"05/31/2021, 4:11:59 PM",0f180a78-bcf5-af00-a40d-b57862cfbf1c,8.800000,"05/31/2021, 4:12:25 PM","05/31/2021, 4:12:25 PM",
1.194444,com.sec.android.app.shealth,9,230002,-18000000,"05/31/2021, 4:12:00 PM",0.330000,XMabZl3IH3,,"05/31/2021, 4:12:59 PM",d6ff032e-0e21-780b-c0ca-898690017106,6.620000,"05/31/2021, 4:12:25 PM","05/31/2021, 4:12:25 PM",
1.277778,com.sec.android.app.shealth,17,230002,-18000000,"05/31/2021, 5:20:00 PM",0.550000,XMabZl3IH3,,"05/31/2021, 5:20:59 PM",eab4f0b6-4537-5cdd-10c0-13622e3308e4,12.590000,"05/31/2021, 5:30:43 PM","05/31/2021, 5:30:43 PM",
2.555556,com.sec.android.app.shealth,10,230002,-18000000,"05/31/2021, 5:26:00 PM",0.370000,XMabZl3IH3,,"05/31/2021, 5:26:59 PM",e63e87a5-0ab4-0e7a-2f20-1a85121cb30c,10.730000,"05/31/2021, 5:30:43 PM","05/31/2021, 5:30:43 PM",
1.777778,com.sec.android.app.shealth,12,230002,-18000000,"05/31/2021, 5:48:00 PM",0.360000,XMabZl3IH3,,"05/31/2021, 5:48:59 PM",b18526e9-f73a-116c-644c-566f7a11157d,9.680000,"05/31/2021, 5:49:03 PM","05/31/2021, 5:49:03 PM",
1.027778,com.sec.android.app.shealth,12,230002,-18000000,"05/31/2021, 6:05:00 PM",0.580000,XMabZl3IH3,,"05/31/2021, 6:05:59 PM",b8919a36-342f-b30e-19cb-ea820818349b,8.280000,"05/31/2021, 6:06:14 PM","05/31/2021, 6:06:14 PM",
1.000000,com.sec.android.app.shealth,11,230002,-18000000,"05/31/2021, 6:09:00 PM",0.370000,XMabZl3IH3,,"05/31/2021, 6:09:59 PM",c513d618-88f5-0598-d225-7f0455f6ab08,7.660000,"05/31/2021, 6:15:02 PM","05/31/2021, 6:15:02 PM",
1.083333,com.sec.android.app.shealth,25,230002,-18000000,"05/31/2021, 6:13:00 PM",0.870000,XMabZl3IH3,,"05/31/2021, 6:13:59 PM",0b92e7de-a950-0af4-6f7b-af5697144f8b,18.130000,"05/31/2021, 6:15:02 PM","05/31/2021, 6:15:02 PM",
2.310394,com.sec.android.app.shealth,37,230002,-18000000,"05/31/2021, 7:05:00 PM",2.110000,XMabZl3IH3,,"05/31/2021, 7:05:59 PM",e4560332-6930-cf3a-6f70-f872bb59e588,35.310000,"05/31/2021, 7:05:53 PM","05/31/2021, 7:06:07 PM",
1.871862,com.sec.android.app.shealth,111,230002,-18000000,"05/31/2021, 7:06:00 PM",5.040000,XMabZl3IH3,,"05/31/2021, 7:06:59 PM",eb11389f-31eb-703d-d352-384282018907,88.840000,"05/31/2021, 7:06:07 PM","05/31/2021, 7:07:40 PM",
1.611111,com.sec.android.app.shealth,31,230002,-18000000,"05/31/2021, 7:07:00 PM",1.160000,XMabZl3IH3,,"05/31/2021, 7:07:59 PM",06bb31bd-22c9-964b-c8a0-7a263d21b15b,24.210000,"05/31/2021, 7:07:40 PM","05/31/2021, 7:07:40 PM",
2.028443,com.sec.android.app.shealth,18,,-18000000,"05/31/2021, 7:25:00 PM",0.679062,C/h8iEGOM6,,"05/31/2021, 7:26:00 PM",16225071-0000-0000-0000-225071000000,16.608370,"05/31/2021, 8:34:47 PM","05/31/2021, 8:34:47 PM",
1.348636,com.sec.android.app.shealth,34,,-18000000,"05/31/2021, 8:16:00 PM",1.318569,C/h8iEGOM6,,"05/31/2021, 8:17:00 PM",16225101-0000-0000-0000-225101600000,28.441212,"05/31/2021, 8:34:47 PM","05/31/2021, 8:34:47 PM",
0.569001,com.sec.android.app.shealth,19,,-18000000,"05/31/2021, 9:42:00 PM",0.823919,C/h8iEGOM6,,"05/31/2021, 9:43:00 PM",16225153-0000-0000-0000-225153200000,12.942559,"06/01/2021, 12:43:03 AM","06/01/2021, 12:43:03 AM",
0.860898,com.sec.android.app.shealth,8,,-18000000,"05/31/2021, 9:49:00 PM",0.422438,C/h8iEGOM6,,"05/31/2021, 9:50:00 PM",16225157-0000-0000-0000-225157400000,8.079748,"06/01/2021, 12:43:03 AM","06/01/2021, 12:43:03 AM",
1.625166,com.sec.android.app.shealth,9,,-18000000,"05/31/2021, 9:50:00 PM",0.358881,C/h8iEGOM6,,"05/31/2021, 9:51:00 PM",16225158-0000-0000-0000-225158000000,9.314154,"06/01/2021, 12:43:03 AM","06/01/2021, 12:43:03 AM",
1.500000,com.sec.android.app.shealth,12,230002,-18000000,"05/31/2021, 7:08:00 PM",0.440000,XMabZl3IH3,,"05/31/2021, 7:08:59 PM",2f99ecdb-f3ca-c9fc-90af-25cc34df3bbb,9.360000,"05/31/2021, 7:15:02 PM","05/31/2021, 7:15:02 PM",
0.916667,com.sec.android.app.shealth,13,230002,-18000000,"05/31/2021, 7:46:00 PM",0.530000,XMabZl3IH3,,"05/31/2021, 7:46:59 PM",e32b0d37-a023-5d75-1bd0-c237c82e315a,8.970000,"05/31/2021, 7:46:52 PM","05/31/2021, 7:46:52 PM",
0.972222,com.sec.android.app.shealth,14,230002,-18000000,"05/31/2021, 8:16:00 PM",0.670000,XMabZl3IH3,,"05/31/2021, 8:16:59 PM",2847c9f6-0122-8369-4bc5-f4ba232967ac,9.630000,"05/31/2021, 8:17:08 PM","05/31/2021, 8:17:08 PM",
1.305556,com.sec.android.app.shealth,12,230002,-18000000,"05/31/2021, 9:26:00 PM",0.420000,XMabZl3IH3,,"05/31/2021, 9:26:59 PM",156ba9bc-8fd9-56b5-7cbc-d48565694ab2,9.010000,"05/31/2021, 9:26:28 PM","05/31/2021, 9:26:28 PM",
1.166667,com.sec.android.app.shealth,25,230002,-18000000,"05/31/2021, 9:42:00 PM",0.990000,XMabZl3IH3,,"05/31/2021, 9:42:59 PM",3615a27b-16ae-dd50-f0cc-f197cf9d650c,19.080000,"05/31/2021, 9:42:25 PM","05/31/2021, 9:42:25 PM",
1.111111,com.sec.android.app.shealth,11,230002,-18000000,"05/31/2021, 9:49:00 PM",0.440000,XMabZl3IH3,,"05/31/2021, 9:49:59 PM",a88355bd-e1a3-7be0-3d04-3c4ea176fd0d,7.990000,"05/31/2021, 9:49:53 PM","05/31/2021, 9:49:53 PM",
1.388889,com.sec.android.app.shealth,17,230002,-18000000,"05/31/2021, 9:52:00 PM",0.560000,XMabZl3IH3,,"05/31/2021, 9:52:59 PM",246e5f37-ffd5-0be7-9008-521c32dc3e8c,12.890000,"05/31/2021, 9:53:47 PM","05/31/2021, 9:53:47 PM",
2.194444,com.sec.android.app.shealth,10,230002,-18000000,"05/31/2021, 10:19:00 PM",0.300000,XMabZl3IH3,,"05/31/2021, 10:19:59 PM",73444d26-88d6-2e89-e27b-a44b1771eb4f,8.250000,"05/31/2021, 10:19:45 PM","05/31/2021, 10:19:45 PM",
1.111111,com.sec.android.app.shealth,10,230002,-18000000,"05/31/2021, 11:26:00 PM",0.370000,XMabZl3IH3,,"05/31/2021, 11:26:59 PM",3319066b-6a15-8280-e1e0-574809e3e2ff,6.970000,"05/31/2021, 11:35:07 PM","05/31/2021, 11:35:07 PM",
0.944444,com.sec.android.app.shealth,11,230002,-18000000,"05/31/2021, 11:34:00 PM",0.410000,XMabZl3IH3,,"05/31/2021, 11:34:59 PM",f5574dec-027f-3475-7dcb-5d3093e1d5c0,7.530000,"05/31/2021, 11:35:07 PM","05/31/2021, 11:35:07 PM",
1.055556,com.sec.android.app.shealth,40,230002,-18000000,"05/31/2021, 11:35:00 PM",1.490000,XMabZl3IH3,,"05/31/2021, 11:35:59 PM",a32adb42-b819-10e8-dd69-bac060754f63,28.490000,"05/31/2021, 11:55:08 PM","05/31/2021, 11:55:08 PM",
1.305556,com.sec.android.app.shealth,10,230002,-18000000,"05/31/2021, 11:36:00 PM",0.320000,XMabZl3IH3,,"05/31/2021, 11:36:59 PM",6652ebe6-2060-1f28-7eff-365ccbebe731,7.400000,"05/31/2021, 11:55:08 PM","05/31/2021, 11:55:08 PM",
1.232234,com.sec.android.app.shealth,16,,-18000000,"05/31/2021, 10:04:00 PM",0.708071,C/h8iEGOM6,,"05/31/2021, 10:05:00 PM",16225166-0000-0000-0000-225166400000,14.962496,"06/01/2021, 5:00:25 AM","06/01/2021, 5:00:25 AM",
0.916667,com.sec.android.app.shealth,7,230002,-18000000,"06/01/2021, 5:10:00 AM",0.250000,XMabZl3IH3,,"06/01/2021, 5:10:59 AM",84b05b65-5a27-b235-4e6b-fc920256aa45,4.810000,"06/01/2021, 5:11:23 AM","06/01/2021, 5:11:23 AM",
0.324606,com.sec.android.app.shealth,11,,-18000000,"06/01/2021, 5:41:00 AM",0.619669,C/h8iEGOM6,,"06/01/2021, 5:42:00 AM",16225440-0000-0000-0000-225440600000,6.994967,"06/01/2021, 5:42:01 AM","06/01/2021, 5:42:01 AM",
0.533227,com.sec.android.app.shealth,14,,-18000000,"06/01/2021, 5:44:00 AM",0.653188,C/h8iEGOM6,,"06/01/2021, 5:45:00 AM",16225442-0000-0000-0000-225442400000,9.987466,"06/01/2021, 5:48:38 AM","06/01/2021, 5:48:38 AM",
1.101389,com.sec.android.app.shealth,8,,-18000000,"06/01/2021, 5:45:00 AM",0.273767,C/h8iEGOM6,,"06/01/2021, 5:46:00 AM",16225443-0000-0000-0000-225443000000,5.585999,"06/01/2021, 5:48:38 AM","06/01/2021, 5:48:38 AM",
0.655953,com.sec.android.app.shealth,8,,-18000000,"06/01/2021, 5:47:00 AM",0.322214,C/h8iEGOM6,,"06/01/2021, 5:48:00 AM",16225444-0000-0000-0000-225444200000,5.386498,"06/01/2021, 5:48:38 AM","06/01/2021, 5:48:38 AM",
0.977392,com.sec.android.app.shealth,63,,-18000000,"06/01/2021, 5:48:00 AM",2.840520,C/h8iEGOM6,,"06/01/2021, 5:49:00 AM",16225444-0000-0000-0000-225444800000,55.255497,"06/01/2021, 5:49:04 AM","06/01/2021, 5:49:04 AM",
1.220622,com.sec.android.app.shealth,100,,-18000000,"06/01/2021, 5:49:00 AM",3.517712,C/h8iEGOM6,,"06/01/2021, 5:50:00 AM",16225445-0000-0000-0000-225445400000,73.499779,"06/01/2021, 7:55:49 AM","06/01/2021, 7:55:49 AM",
1.838895,com.sec.android.app.shealth,109,,-18000000,"06/01/2021, 5:50:00 AM",4.723344,C/h8iEGOM6,,"06/01/2021, 5:51:00 AM",16225446-0000-0000-0000-225446000000,110.390228,"06/01/2021, 7:55:49 AM","06/01/2021, 7:55:49 AM",
2.019718,com.sec.android.app.shealth,110,,-18000000,"06/01/2021, 5:51:00 AM",4.991351,C/h8iEGOM6,,"06/01/2021, 5:52:00 AM",16225446-0000-0000-0000-225446600000,120.872086,"06/01/2021, 7:55:49 AM","06/01/2021, 7:55:49 AM",
2.014941,com.sec.android.app.shealth,114,,-18000000,"06/01/2021, 5:52:00 AM",5.066634,C/h8iEGOM6,,"06/01/2021, 5:53:00 AM",16225447-0000-0000-0000-225447200000,121.080231,"06/01/2021, 7:55:49 AM","06/01/2021, 7:55:49 AM",
1.949324,com.sec.android.app.shealth,112,,-18000000,"06/01/2021, 5:53:00 AM",4.856369,C/h8iEGOM6,,"06/01/2021, 5:54:00 AM",16225447-0000-0000-0000-225447800000,116.911743,"06/01/2021, 7:55:49 AM","06/01/2021, 7:55:49 AM",
1.463816,com.sec.android.app.shealth,67,,-18000000,"06/01/2021, 5:54:00 AM",2.727826,C/h8iEGOM6,,"06/01/2021, 5:55:00 AM",16225448-0000-0000-0000-225448400000,61.188145,"06/01/2021, 7:55:49 AM","06/01/2021, 7:55:49 AM",
0.928147,com.sec.android.app.shealth,22,,-18000000,"06/01/2021, 6:05:00 AM",1.129832,C/h8iEGOM6,,"06/01/2021, 6:06:00 AM",16225455-0000-0000-0000-225455000000,21.446245,"06/01/2021, 7:55:49 AM","06/01/2021, 7:55:49 AM",
1.165314,com.sec.android.app.shealth,51,,-18000000,"06/01/2021, 6:06:00 AM",2.330073,C/h8iEGOM6,,"06/01/2021, 6:07:00 AM",16225455-0000-0000-0000-225455600000,48.827614,"06/01/2021, 7:55:49 AM","06/01/2021, 7:55:49 AM",
0.431573,com.sec.android.app.shealth,9,,-18000000,"06/01/2021, 6:07:00 AM",0.494767,C/h8iEGOM6,,"06/01/2021, 6:08:00 AM",16225456-0000-0000-0000-225456200000,6.520258,"06/01/2021, 7:55:49 AM","06/01/2021, 7:55:49 AM",
1.300541,com.sec.android.app.shealth,59,,-18000000,"06/01/2021, 6:08:00 AM",2.204132,C/h8iEGOM6,,"06/01/2021, 6:09:00 AM",16225456-0000-0000-0000-225456800000,47.706322,"06/01/2021, 7:55:49 AM","06/01/2021, 7:55:49 AM",
0.392827,com.sec.android.app.shealth,9,,-18000000,"06/01/2021, 6:11:00 AM",0.507604,C/h8iEGOM6,,"06/01/2021, 6:12:00 AM",16225458-0000-0000-0000-225458600000,6.658311,"06/01/2021, 7:55:49 AM","06/01/2021, 7:55:49 AM",
0.855799,com.sec.android.app.shealth,25,,-18000000,"06/01/2021, 6:12:00 AM",0.841892,C/h8iEGOM6,,"06/01/2021, 6:13:00 AM",16225459-0000-0000-0000-225459200000,16.009871,"06/01/2021, 7:55:49 AM","06/01/2021, 7:55:49 AM",
0.969752,com.sec.android.app.shealth,39,,-18000000,"06/01/2021, 6:14:00 AM",1.665684,C/h8iEGOM6,,"06/01/2021, 6:15:00 AM",16225460-0000-0000-0000-225460400000,32.661392,"06/01/2021, 7:55:49 AM","06/01/2021, 7:55:49 AM",
0.439663,com.sec.android.app.shealth,15,,-18000000,"06/01/2021, 6:15:00 AM",0.831185,C/h8iEGOM6,,"06/01/2021, 6:16:00 AM",16225461-0000-0000-0000-225461000000,11.408903,"06/01/2021, 7:55:49 AM","06/01/2021, 7:55:49 AM",
0.369184,com.sec.android.app.shealth,13,,-18000000,"06/01/2021, 6:17:00 AM",0.742964,C/h8iEGOM6,,"06/01/2021, 6:18:00 AM",16225462-0000-0000-0000-225462200000,9.014904,"06/01/2021, 7:55:49 AM","06/01/2021, 7:55:49 AM",
0.385131,com.sec.android.app.shealth,8,,-18000000,"06/01/2021, 6:18:00 AM",0.660977,C/h8iEGOM6,,"06/01/2021, 6:19:00 AM",16225462-0000-0000-0000-225462800000,8.104686,"06/01/2021, 7:55:49 AM","06/01/2021, 7:55:49 AM",
1.355594,com.sec.android.app.shealth,8,,-18000000,"06/01/2021, 6:19:00 AM",0.252061,C/h8iEGOM6,,"06/01/2021, 6:20:00 AM",16225463-0000-0000-0000-225463400000,6.198017,"06/01/2021, 7:55:49 AM","06/01/2021, 7:55:49 AM",
0.495543,com.sec.android.app.shealth,19,,-18000000,"06/01/2021, 6:20:00 AM",1.157095,C/h8iEGOM6,,"06/01/2021, 6:21:00 AM",16225464-0000-0000-0000-225464000000,16.532509,"06/01/2021, 7:55:49 AM","06/01/2021, 7:55:49 AM",
1.259796,com.sec.android.app.shealth,18,,-18000000,"06/01/2021, 6:21:00 AM",0.778722,C/h8iEGOM6,,"06/01/2021, 6:22:00 AM",16225464-0000-0000-0000-225464600000,16.529255,"06/01/2021, 7:55:49 AM","06/01/2021, 7:55:49 AM",
0.659199,com.sec.android.app.shealth,40,,-18000000,"06/01/2021, 6:22:00 AM",1.696056,C/h8iEGOM6,,"06/01/2021, 6:23:00 AM",16225465-0000-0000-0000-225465200000,27.921827,"06/01/2021, 7:55:49 AM","06/01/2021, 7:55:49 AM",
0.259461,com.sec.android.app.shealth,3,,-18000000,"06/01/2021, 6:23:00 AM",0.219127,C/h8iEGOM6,,"06/01/2021, 6:24:00 AM",16225465-0000-0000-0000-225465800000,2.094749,"06/01/2021, 7:55:49 AM","06/01/2021, 7:55:49 AM",
1.190876,com.sec.android.app.shealth,18,,-18000000,"06/01/2021, 6:24:00 AM",0.807265,C/h8iEGOM6,,"06/01/2021, 6:25:00 AM",16225466-0000-0000-0000-225466400000,17.755495,"06/01/2021, 7:55:49 AM","06/01/2021, 7:55:49 AM",
0.552631,com.sec.android.app.shealth,22,,-18000000,"06/01/2021, 6:25:00 AM",1.218322,C/h8iEGOM6,,"06/01/2021, 6:26:00 AM",16225467-0000-0000-0000-225467000000,18.528557,"06/01/2021, 7:55:49 AM","06/01/2021, 7:55:49 AM",
0.696071,com.sec.android.app.shealth,7,,-18000000,"06/01/2021, 6:26:00 AM",0.374226,C/h8iEGOM6,,"06/01/2021, 6:27:00 AM",16225467-0000-0000-0000-225467600000,6.907686,"06/01/2021, 7:55:49 AM","06/01/2021, 7:55:49 AM",
0.428201,com.sec.android.app.shealth,17,,-18000000,"06/01/2021, 6:27:00 AM",1.347870,C/h8iEGOM6,,"06/01/2021, 6:28:00 AM",16225468-0000-0000-0000-225468200000,17.641726,"06/01/2021, 7:55:49 AM","06/01/2021, 7:55:49 AM",
0.556795,com.sec.android.app.shealth,10,,-18000000,"06/01/2021, 6:28:00 AM",0.629921,C/h8iEGOM6,,"06/01/2021, 6:29:00 AM",16225468-0000-0000-0000-225468800000,9.477799,"06/01/2021, 7:55:49 AM","06/01/2021, 7:55:49 AM",
0.908184,com.sec.android.app.shealth,42,,-18000000,"06/01/2021, 6:29:00 AM",1.890498,C/h8iEGOM6,,"06/01/2021, 6:30:00 AM",16225469-0000-0000-0000-225469400000,36.029892,"06/01/2021, 7:55:49 AM","06/01/2021, 7:55:49 AM",
1.707422,com.sec.android.app.shealth,9,,-18000000,"06/01/2021, 6:30:00 AM",0.297798,C/h8iEGOM6,,"06/01/2021, 6:31:00 AM",16225470-0000-0000-0000-225470000000,7.909971,"06/01/2021, 7:55:49 AM","06/01/2021, 7:55:49 AM",
0.814219,com.sec.android.app.shealth,51,,-18000000,"06/01/2021, 6:31:00 AM",2.043920,C/h8iEGOM6,,"06/01/2021, 6:32:00 AM",16225470-0000-0000-0000-225470600000,37.244148,"06/01/2021, 7:55:49 AM","06/01/2021, 7:55:49 AM",
0.822071,com.sec.android.app.shealth,53,,-18000000,"06/01/2021, 6:32:00 AM",2.238107,C/h8iEGOM6,,"06/01/2021, 6:33:00 AM",16225471-0000-0000-0000-225471200000,40.367207,"06/01/2021, 7:55:49 AM","06/01/2021, 7:55:49 AM",
0.976019,com.sec.android.app.shealth,66,,-18000000,"06/01/2021, 6:33:00 AM",2.533947,C/h8iEGOM6,,"06/01/2021, 6:34:00 AM",16225471-0000-0000-0000-225471800000,49.569862,"06/01/2021, 7:55:49 AM","06/01/2021, 7:55:49 AM",
1.466400,com.sec.android.app.shealth,35,,-18000000,"06/01/2021, 6:34:00 AM",1.332327,C/h8iEGOM6,,"06/01/2021, 6:35:00 AM",16225472-0000-0000-0000-225472400000,29.600805,"06/01/2021, 7:55:49 AM","06/01/2021, 7:55:49 AM",
1.580119,com.sec.android.app.shealth,45,,-18000000,"06/01/2021, 6:35:00 AM",1.617180,C/h8iEGOM6,,"06/01/2021, 6:36:00 AM",16225473-0000-0000-0000-225473000000,37.605740,"06/01/2021, 7:55:49 AM","06/01/2021, 7:55:49 AM",
1.440738,com.sec.android.app.shealth,12,,-18000000,"06/01/2021, 6:36:00 AM",0.526258,C/h8iEGOM6,,"06/01/2021, 6:37:00 AM",16225473-0000-0000-0000-225473600000,11.620872,"06/01/2021, 7:55:49 AM","06/01/2021, 7:55:49 AM",
1.550302,com.sec.android.app.shealth,36,,-18000000,"06/01/2021, 6:37:00 AM",1.317520,C/h8iEGOM6,,"06/01/2021, 6:38:00 AM",16225474-0000-0000-0000-225474200000,30.984837,"06/01/2021, 7:55:49 AM","06/01/2021, 7:55:49 AM",
0.478441,com.sec.android.app.shealth,36,,-18000000,"06/01/2021, 6:38:00 AM",2.070459,C/h8iEGOM6,,"06/01/2021, 6:39:00 AM",16225474-0000-0000-0000-225474800000,28.752930,"06/01/2021, 7:55:49 AM","06/01/2021, 7:55:49 AM",
1.470392,com.sec.android.app.shealth,38,,-18000000,"06/01/2021, 6:39:00 AM",1.401667,C/h8iEGOM6,,"06/01/2021, 6:40:00 AM",16225475-0000-0000-0000-225475400000,32.294056,"06/01/2021, 7:55:49 AM","06/01/2021, 7:55:49 AM",
1.139576,com.sec.android.app.shealth,38,,-18000000,"06/01/2021, 6:40:00 AM",1.455859,C/h8iEGOM6,,"06/01/2021, 6:41:00 AM",16225476-0000-0000-0000-225476000000,30.738117,"06/01/2021, 7:55:49 AM","06/01/2021, 7:55:49 AM",
0.785167,com.sec.android.app.shealth,12,,-18000000,"06/01/2021, 6:41:00 AM",0.578192,C/h8iEGOM6,,"06/01/2021, 6:42:00 AM",16225476-0000-0000-0000-225476600000,10.645653,"06/01/2021, 7:55:49 AM","06/01/2021, 7:55:49 AM",
1.514036,com.sec.android.app.shealth,44,,-18000000,"06/01/2021, 6:42:00 AM",1.635948,C/h8iEGOM6,,"06/01/2021, 6:43:00 AM",16225477-0000-0000-0000-225477200000,37.456116,"06/01/2021, 7:55:49 AM","06/01/2021, 7:55:49 AM",
0.899808,com.sec.android.app.shealth,30,,-18000000,"06/01/2021, 6:43:00 AM",1.205052,C/h8iEGOM6,,"06/01/2021, 6:44:00 AM",16225477-0000-0000-0000-225477800000,23.104588,"06/01/2021, 7:55:49 AM","06/01/2021, 7:55:49 AM",
1.491926,com.sec.android.app.shealth,45,,-18000000,"06/01/2021, 6:44:00 AM",2.023378,C/h8iEGOM6,,"06/01/2021, 6:45:00 AM",16225478-0000-0000-0000-225478400000,45.239304,"06/01/2021, 7:55:49 AM","06/01/2021, 7:55:49 AM",
1.468261,com.sec.android.app.shealth,106,,-18000000,"06/01/2021, 6:45:00 AM",4.000609,C/h8iEGOM6,,"06/01/2021, 6:46:00 AM",16225479-0000-0000-0000-225479000000,88.576859,"06/01/2021, 7:55:49 AM","06/01/2021, 7:55:49 AM",
1.639883,com.sec.android.app.shealth,48,,-18000000,"06/01/2021, 6:46:00 AM",1.806364,C/h8iEGOM6,,"06/01/2021, 6:47:00 AM",16225479-0000-0000-0000-225479600000,41.706387,"06/01/2021, 7:55:49 AM","06/01/2021, 7:55:49 AM",
0.827068,com.sec.android.app.shealth,29,,-18000000,"06/01/2021, 6:58:00 AM",1.191790,C/h8iEGOM6,,"06/01/2021, 6:59:00 AM",16225486-0000-0000-0000-225486800000,22.170383,"06/01/2021, 7:55:49 AM","06/01/2021, 7:55:49 AM",
1.084253,com.sec.android.app.shealth,59,,-18000000,"06/01/2021, 6:59:00 AM",2.059469,C/h8iEGOM6,,"06/01/2021, 7:00:00 AM",16225487-0000-0000-0000-225487400000,42.153587,"06/01/2021, 7:55:49 AM","06/01/2021, 7:55:49 AM",
0.764009,com.sec.android.app.shealth,5,,-18000000,"06/01/2021, 7:00:00 AM",0.131366,C/h8iEGOM6,,"06/01/2021, 7:01:00 AM",16225488-0000-0000-0000-225488000000,2.857638,"06/01/2021, 7:55:49 AM","06/01/2021, 7:55:49 AM",
0.721481,com.sec.android.app.shealth,16,,-18000000,"06/01/2021, 7:03:00 AM",0.593690,C/h8iEGOM6,,"06/01/2021, 7:04:00 AM",16225489-0000-0000-0000-225489800000,10.573497,"06/01/2021, 7:55:49 AM","06/01/2021, 7:55:49 AM",
1.038697,com.sec.android.app.shealth,31,,-18000000,"06/01/2021, 7:04:00 AM",1.212468,C/h8iEGOM6,,"06/01/2021, 7:05:00 AM",16225490-0000-0000-0000-225490400000,24.825275,"06/01/2021, 7:55:49 AM","06/01/2021, 7:55:49 AM",
1.344058,com.sec.android.app.shealth,16,,-18000000,"06/01/2021, 7:06:00 AM",0.689042,C/h8iEGOM6,,"06/01/2021, 7:07:00 AM",16225491-0000-0000-0000-225491600000,15.161996,"06/01/2021, 7:55:49 AM","06/01/2021, 7:55:49 AM",
0.995700,com.sec.android.app.shealth,36,,-18000000,"06/01/2021, 7:07:00 AM",1.590876,C/h8iEGOM6,,"06/01/2021, 7:08:00 AM",16225492-0000-0000-0000-225492200000,31.371367,"06/01/2021, 7:55:49 AM","06/01/2021, 7:55:49 AM",
1.276379,com.sec.android.app.shealth,33,,-18000000,"06/01/2021, 7:10:00 AM",1.390135,C/h8iEGOM6,,"06/01/2021, 7:11:00 AM",16225494-0000-0000-0000-225494000000,30.274117,"06/01/2021, 7:55:49 AM","06/01/2021, 7:55:49 AM",
0.940058,com.sec.android.app.shealth,32,,-18000000,"06/01/2021, 7:12:00 AM",1.732858,C/h8iEGOM6,,"06/01/2021, 7:13:00 AM",16225495-0000-0000-0000-225495200000,33.371307,"06/01/2021, 7:55:49 AM","06/01/2021, 7:55:49 AM",
1.349376,com.sec.android.app.shealth,29,,-18000000,"06/01/2021, 7:13:00 AM",1.319074,C/h8iEGOM6,,"06/01/2021, 7:14:00 AM",16225495-0000-0000-0000-225495800000,29.284145,"06/01/2021, 7:55:49 AM","06/01/2021, 7:55:49 AM",
1.228848,com.sec.android.app.shealth,16,,-18000000,"06/01/2021, 7:14:00 AM",0.706751,C/h8iEGOM6,,"06/01/2021, 7:15:00 AM",16225496-0000-0000-0000-225496400000,15.161996,"06/01/2021, 7:55:49 AM","06/01/2021, 7:55:49 AM",
1.456066,com.sec.android.app.shealth,32,,-18000000,"06/01/2021, 7:18:00 AM",1.458171,C/h8iEGOM6,,"06/01/2021, 7:19:00 AM",16225498-0000-0000-0000-225498800000,33.399582,"06/01/2021, 7:55:49 AM","06/01/2021, 7:55:49 AM",
1.299550,com.sec.android.app.shealth,50,,-18000000,"06/01/2021, 7:19:00 AM",2.325361,C/h8iEGOM6,,"06/01/2021, 7:20:00 AM",16225499-0000-0000-0000-225499400000,49.411015,"06/01/2021, 7:55:49 AM","06/01/2021, 7:55:49 AM",
0.705252,com.sec.android.app.shealth,2,,-18000000,"06/01/2021, 7:20:00 AM",0.000000,C/h8iEGOM6,,"06/01/2021, 7:21:00 AM",16225500-0000-0000-0000-225500000000,0.630256,"06/01/2021, 7:55:49 AM","06/01/2021, 7:55:49 AM",
0.541670,com.sec.android.app.shealth,8,,-18000000,"06/01/2021, 7:22:00 AM",0.475314,C/h8iEGOM6,,"06/01/2021, 7:23:00 AM",16225501-0000-0000-0000-225501200000,7.580998,"06/01/2021, 7:55:49 AM","06/01/2021, 7:55:49 AM",
0.932721,com.sec.android.app.shealth,25,,-18000000,"06/01/2021, 7:25:00 AM",1.231794,C/h8iEGOM6,,"06/01/2021, 7:26:00 AM",16225503-0000-0000-0000-225503000000,23.640743,"06/01/2021, 7:55:49 AM","06/01/2021, 7:55:49 AM",
0.892179,com.sec.android.app.shealth,40,,-18000000,"06/01/2021, 7:26:00 AM",2.062029,C/h8iEGOM6,,"06/01/2021, 7:27:00 AM",16225503-0000-0000-0000-225503600000,39.027176,"06/01/2021, 7:55:49 AM","06/01/2021, 7:55:49 AM",
1.365524,com.sec.android.app.shealth,26,,-18000000,"06/01/2021, 7:28:00 AM",1.076744,C/h8iEGOM6,,"06/01/2021, 7:29:00 AM",16225504-0000-0000-0000-225504800000,24.563431,"06/01/2021, 7:55:49 AM","06/01/2021, 7:55:49 AM",
0.764289,com.sec.android.app.shealth,14,,-18000000,"06/01/2021, 7:29:00 AM",0.613168,C/h8iEGOM6,,"06/01/2021, 7:30:00 AM",16225505-0000-0000-0000-225505400000,10.910153,"06/01/2021, 7:55:49 AM","06/01/2021, 7:55:49 AM",
1.402099,com.sec.android.app.shealth,18,,-18000000,"06/01/2021, 7:31:00 AM",0.838845,C/h8iEGOM6,,"06/01/2021, 7:32:00 AM",16225506-0000-0000-0000-225506600000,18.619778,"06/01/2021, 7:55:49 AM","06/01/2021, 7:55:49 AM",
1.137955,com.sec.android.app.shealth,9,,-18000000,"06/01/2021, 7:32:00 AM",0.391593,C/h8iEGOM6,,"06/01/2021, 7:33:00 AM",16225507-0000-0000-0000-225507200000,8.175560,"06/01/2021, 7:55:49 AM","06/01/2021, 7:55:49 AM",
1.308215,com.sec.android.app.shealth,23,,-18000000,"06/01/2021, 7:33:00 AM",0.983605,C/h8iEGOM6,,"06/01/2021, 7:34:00 AM",16225507-0000-0000-0000-225507800000,21.807838,"06/01/2021, 7:55:49 AM","06/01/2021, 7:55:49 AM",
0.704418,com.sec.android.app.shealth,27,,-18000000,"06/01/2021, 7:34:00 AM",1.506669,C/h8iEGOM6,,"06/01/2021, 7:35:00 AM",16225508-0000-0000-0000-225508400000,26.059681,"06/01/2021, 7:55:49 AM","06/01/2021, 7:55:49 AM",
1.099955,com.sec.android.app.shealth,31,,-18000000,"06/01/2021, 7:35:00 AM",1.477086,C/h8iEGOM6,,"06/01/2021, 7:36:00 AM",16225509-0000-0000-0000-225509000000,29.800304,"06/01/2021, 7:55:49 AM","06/01/2021, 7:55:49 AM",
1.141984,com.sec.android.app.shealth,44,,-18000000,"06/01/2021, 7:38:00 AM",1.682185,C/h8iEGOM6,,"06/01/2021, 7:39:00 AM",16225510-0000-0000-0000-225510800000,35.136578,"06/01/2021, 7:55:49 AM","06/01/2021, 7:55:49 AM",
1.417588,com.sec.android.app.shealth,55,,-18000000,"06/01/2021, 7:39:00 AM",2.145988,C/h8iEGOM6,,"06/01/2021, 7:40:00 AM",16225511-0000-0000-0000-225511400000,47.007526,"06/01/2021, 7:55:49 AM","06/01/2021, 7:55:49 AM",
0.562552,com.sec.android.app.shealth,19,,-18000000,"06/01/2021, 7:40:00 AM",0.856549,C/h8iEGOM6,,"06/01/2021, 7:41:00 AM",16225512-0000-0000-0000-225512000000,13.129590,"06/01/2021, 7:55:49 AM","06/01/2021, 7:55:49 AM",
0.849023,com.sec.android.app.shealth,8,,-18000000,"06/01/2021, 7:41:00 AM",0.418964,C/h8iEGOM6,,"06/01/2021, 7:42:00 AM",16225512-0000-0000-0000-225512600000,7.780498,"06/01/2021, 7:55:49 AM","06/01/2021, 7:55:49 AM",
0.961820,com.sec.android.app.shealth,43,,-18000000,"06/01/2021, 7:42:00 AM",2.159351,C/h8iEGOM6,,"06/01/2021, 7:43:00 AM",16225513-0000-0000-0000-225513200000,41.421177,"06/01/2021, 7:55:49 AM","06/01/2021, 7:55:49 AM",
1.207357,com.sec.android.app.shealth,47,,-18000000,"06/01/2021, 7:44:00 AM",2.036911,C/h8iEGOM6,,"06/01/2021, 7:45:00 AM",16225514-0000-0000-0000-225514400000,42.680717,"06/01/2021, 7:55:49 AM","06/01/2021, 7:55:49 AM",
1.657871,com.sec.android.app.shealth,69,,-18000000,"06/01/2021, 7:45:00 AM",2.840727,C/h8iEGOM6,,"06/01/2021, 7:46:00 AM",16225515-0000-0000-0000-225515000000,64.725067,"06/01/2021, 7:55:49 AM","06/01/2021, 7:55:49 AM",
1.095524,com.sec.android.app.shealth,59,,-18000000,"06/01/2021, 7:47:00 AM",2.237077,C/h8iEGOM6,,"06/01/2021, 7:48:00 AM",16225516-0000-0000-0000-225516200000,45.623024,"06/01/2021, 7:55:49 AM","06/01/2021, 7:55:49 AM",
1.302706,com.sec.android.app.shealth,11,,-18000000,"06/01/2021, 7:48:00 AM",0.367778,C/h8iEGOM6,,"06/01/2021, 7:49:00 AM",16225516-0000-0000-0000-225516800000,8.715775,"06/01/2021, 7:55:49 AM","06/01/2021, 7:55:49 AM",
1.169970,com.sec.android.app.shealth,42,,-18000000,"06/01/2021, 7:52:00 AM",1.424559,C/h8iEGOM6,,"06/01/2021, 7:53:00 AM",16225519-0000-0000-0000-225519200000,29.806824,"06/01/2021, 7:55:49 AM","06/01/2021, 7:55:49 AM",
1.116795,com.sec.android.app.shealth,64,,-18000000,"06/01/2021, 7:53:00 AM",2.486437,C/h8iEGOM6,,"06/01/2021, 7:54:00 AM",16225519-0000-0000-0000-225519800000,50.591656,"06/01/2021, 7:55:49 AM","06/01/2021, 7:55:49 AM",
0.508340,com.sec.android.app.shealth,14,,-18000000,"06/01/2021, 7:54:00 AM",0.603150,C/h8iEGOM6,,"06/01/2021, 7:55:00 AM",16225520-0000-0000-0000-225520400000,9.002435,"06/01/2021, 8:11:24 AM","06/01/2021, 8:11:24 AM",
1.533061,com.sec.android.app.shealth,64,,-18000000,"06/01/2021, 8:09:00 AM",2.338616,C/h8iEGOM6,,"06/01/2021, 8:10:00 AM",16225529-0000-0000-0000-225529400000,52.151318,"06/01/2021, 8:11:24 AM","06/01/2021, 8:11:24 AM",
1.169170,com.sec.android.app.shealth,99,,-18000000,"06/01/2021, 8:10:00 AM",3.645208,C/h8iEGOM6,,"06/01/2021, 8:11:00 AM",16225530-0000-0000-0000-225530000000,75.168747,"06/01/2021, 8:11:24 AM","06/01/2021, 8:11:24 AM",
0.994907,com.sec.android.app.shealth,57,230002,-18000000,"06/01/2021, 8:11:00 AM",2.105356,XMabZl3IH3,,"06/01/2021, 8:11:59 AM",04c80fce-cf0a-c9bc-f509-bb3eaad8b262,47.915707,"06/01/2021, 8:11:48 AM","06/01/2021, 8:11:48 AM",
1.297385,com.sec.android.app.shealth,57,,-18000000,"06/01/2021, 8:11:00 AM",2.200440,C/h8iEGOM6,,"06/01/2021, 8:12:00 AM",16225530-0000-0000-0000-225530600000,47.915707,"06/01/2021, 8:12:04 AM","06/01/2021, 8:12:04 AM",
0.079997,com.sec.android.app.shealth,3,230002,-18000000,"06/01/2021, 8:12:00 AM",0.203341,XMabZl3IH3,,"06/01/2021, 8:12:59 AM",b2a2ad25-cadf-dfea-5c03-66c1c7f7752e,2.206968,"06/01/2021, 8:12:27 AM","06/01/2021, 8:12:27 AM",
0.310473,com.sec.android.app.shealth,3,,-18000000,"06/01/2021, 8:12:00 AM",0.203341,C/h8iEGOM6,,"06/01/2021, 8:13:00 AM",16225531-0000-0000-0000-225531200000,2.206968,"06/01/2021, 9:15:29 AM","06/01/2021, 9:15:29 AM",
0.175347,com.sec.android.app.shealth,4,,-18000000,"06/01/2021, 9:40:00 AM",0.542456,C/h8iEGOM6,,"06/01/2021, 9:41:00 AM",16225584-0000-0000-0000-225584000000,3.890249,"06/01/2021, 10:26:19 AM","06/01/2021, 10:26:19 AM",
0.252168,com.sec.android.app.shealth,5,,-18000000,"06/01/2021, 10:51:00 AM",0.515922,C/h8iEGOM6,,"06/01/2021, 10:52:00 AM",16225626-0000-0000-0000-225626600000,4.925155,"06/01/2021, 11:21:26 AM","06/01/2021, 11:21:26 AM",
1.383260,com.sec.android.app.shealth,14,,-18000000,"06/01/2021, 11:19:00 AM",0.447400,C/h8iEGOM6,,"06/01/2021, 11:20:00 AM",16225643-0000-0000-0000-225643400000,10.797935,"06/01/2021, 11:21:26 AM","06/01/2021, 11:21:26 AM",
1.375386,com.sec.android.app.shealth,40,230002,-18000000,"06/01/2021, 11:19:00 AM",1.410000,XMabZl3IH3,,"06/01/2021, 11:19:59 AM",059d1bf7-c98c-109b-91c0-d24fa6b96797,30.150000,"06/01/2021, 11:19:34 AM","06/01/2021, 11:20:04 AM",

