,Unnamed: 0.1,DATE,USER,SLEEP,HEART,STEP,5MIN_SLEEP_PROB,15MIN_SLEEP_PROB,30MIN_SLEEP_PROB,60MIN_SLEEP_PROB,ACTIVITY,10MIN_STEP_SUM,PSLEEP,MINFROMMIDNIGHT,PRED
92,52319,2016-04-17 05:30:00,2026352035,0,67,0,0.0,0.0,0.0,0.0,0,0.0,0,330,0.08217119374928761
93,52320,2016-04-17 05:31:00,2026352035,0,67,0,0.0,0.0,0.0,0.0,0,0.0,0,331,0.06041396148335924
94,52321,2016-04-17 05:32:00,2026352035,0,66,0,0.0,0.0,0.0,0.0,0,0.0,0,332,0.06041396148335924
95,52322,2016-04-17 05:33:00,2026352035,0,64,0,0.0,0.0,0.0,0.0,0,0.0,0,333,0.06058048817547689
96,52323,2016-04-17 05:34:00,2026352035,0,63,0,0.0,0.0,0.0,0.0,0,0.0,0,334,0.06058048817547689
97,52324,2016-04-17 05:35:00,2026352035,0,64,0,0.0,0.0,0.0,0.0,0,0.0,0,335,0.04164454904300019
98,52325,2016-04-17 05:36:00,2026352035,0,65,0,0.0,0.0,0.0,0.0,0,0.0,0,336,0.04164454904300019
99,52326,2016-04-17 05:37:00,2026352035,0,65,0,0.0,0.0,0.0,0.0,0,0.0,0,337,0.04164454904300019
100,52327,2016-04-17 05:38:00,2026352035,0,65,0,0.0,0.0,0.0,0.0,0,0.0,0,338,0.04164454904300019
101,52328,2016-04-17 05:39:00,2026352035,0,66,0,0.0,0.0,0.0,0.0,0,0.0,0,339,0.04147802235088253
102,52329,2016-04-17 05:40:00,2026352035,0,69,0,0.0,0.0,0.0,0.0,0,0.0,0,340,0.041676937626356284
103,52330,2016-04-17 05:41:00,2026352035,0,67,0,0.0,0.0,0.0,0.0,0,0.0,0,341,0.04147802235088253
104,52331,2016-04-17 05:42:00,2026352035,0,68,0,0.0,0.0,0.0,0.0,0,0.0,0,342,0.04147802235088253
105,52332,2016-04-17 05:43:00,2026352035,0,68,0,0.0,0.0,0.0,0.0,0,0.0,0,343,0.04147802235088253
106,52333,2016-04-17 05:44:00,2026352035,0,68,0,0.0,0.0,0.0,0.0,0,0.0,0,344,0.04147802235088253
107,52334,2016-04-17 05:45:00,2026352035,0,65,0,0.0,0.0,0.0,0.0,0,0.0,0,345,0.04164454904300019
108,52335,2016-04-17 05:46:00,2026352035,0,65,0,0.0,0.0,0.0,0.0,0,0.0,0,346,0.04164454904300019
109,52336,2016-04-17 05:47:00,2026352035,0,67,0,0.0,0.0,0.0,0.0,0,0.0,0,347,0.04147802235088253
110,52337,2016-04-17 05:48:00,2026352035,0,66,0,0.0,0.0,0.0,0.0,0,0.0,0,348,0.04147802235088253
111,52338,2016-04-17 05:49:00,2026352035,0,67,0,0.0,0.0,0.0,0.0,0,0.0,0,349,0.04147802235088253
112,52339,2016-04-17 05:50:00,2026352035,0,67,0,0.0,0.0,0.0,0.0,0,0.0,0,350,0.04147802235088253
113,52340,2016-04-17 05:51:00,2026352035,0,68,0,0.0,0.0,0.0,0.0,0,0.0,0,351,0.04147802235088253
114,52341,2016-04-17 05:52:00,2026352035,0,68,0,0.0,0.0,0.0,0.0,0,0.0,0,352,0.04147802235088253
115,52342,2016-04-17 05:53:00,2026352035,0,68,0,0.0,0.0,0.0,0.0,0,0.0,0,353,0.04147802235088253
116,52343,2016-04-17 05:54:00,2026352035,0,67,0,0.0,0.0,0.0,0.0,0,0.0,0,354,0.04147802235088253
117,52344,2016-04-17 05:55:00,2026352035,0,67,0,0.0,0.0,0.0,0.0,0,0.0,0,355,0.04147802235088253
118,52345,2016-04-17 05:56:00,2026352035,0,67,0,0.0,0.0,0.0,0.0,0,0.0,0,356,0.04147802235088253
119,52346,2016-04-17 05:57:00,2026352035,0,70,0,0.0,0.0,0.0,0.0,0,0.0,0,357,0.041676937626356284
120,52347,2016-04-17 05:58:00,2026352035,0,71,0,0.0,0.0,0.0,0.0,0,0.0,0,358,0.041676937626356284
121,52348,2016-04-17 05:59:00,2026352035,0,72,0,0.0,0.0,0.0,0.0,0,0.0,0,359,0.041676937626356284
122,52349,2016-04-17 06:00:00,2026352035,0,72,0,0.0,0.0,0.0,0.0,0,0.0,0,360,0.041676937626356284
123,52350,2016-04-17 06:01:00,2026352035,0,72,0,0.0,0.0,0.0,0.0,0,0.0,0,361,0.04836186999747737
124,52351,2016-04-17 06:02:00,2026352035,0,70,0,0.0,0.0,0.0,0.0,0,0.0,0,362,0.04836186999747737
125,52352,2016-04-17 06:03:00,2026352035,0,69,0,0.0,0.0,0.0,0.0,0,0.0,0,363,0.04836186999747737
126,52353,2016-04-17 06:04:00,2026352035,0,73,5,0.0,0.0,0.0,0.0,5,0.0,0,364,0.05362729384634545
127,52354,2016-04-17 06:05:00,2026352035,0,73,27,0.0,0.0,0.0,0.0,32,5.0,0,365,0.06750583908011684
128,52355,2016-04-17 06:06:00,2026352035,0,73,29,0.0,0.0,0.0,0.0,61,32.0,0,366,0.043050620962490654
129,52356,2016-04-17 06:07:00,2026352035,0,73,12,0.0,0.0,0.0,0.0,73,61.0,0,367,0.06115478390729792
130,52357,2016-04-17 06:08:00,2026352035,0,74,0,0.0,0.0,0.0,0.0,73,73.0,0,368,0.06115478390729792
131,52358,2016-04-17 06:09:00,2026352035,0,74,5,0.0,0.0,0.0,0.0,78,73.0,0,369,0.023431774784731962
132,52359,2016-04-17 06:10:00,2026352035,0,74,0,0.0,0.0,0.0,0.0,78,78.0,0,370,0.023431774784731962
133,52360,2016-04-17 06:11:00,2026352035,0,74,0,0.0,0.0,0.0,0.0,78,78.0,0,371,0.023431774784731962
134,52361,2016-04-17 06:12:00,2026352035,0,74,0,0.0,0.0,0.0,0.0,78,78.0,0,372,0.023431774784731962
135,52362,2016-04-17 06:13:00,2026352035,0,74,0,0.0,0.0,0.0,0.0,78,78.0,0,373,0.023431774784731962
136,52363,2016-04-17 06:14:00,2026352035,0,74,0,0.0,0.0,0.0,0.0,78,78.0,0,374,0.023431774784731962
137,52364,2016-04-17 06:15:00,2026352035,0,74,20,0.0,0.0,0.0,0.0,98,73.0,0,375,0.01391535740481832
138,52365,2016-04-17 06:16:00,2026352035,0,74,0,0.0,0.0,0.0,0.0,98,66.0,0,376,0.01391535740481832
139,52366,2016-04-17 06:17:00,2026352035,0,74,4,0.0,0.0,0.0,0.0,102,37.0,0,377,0.01391535740481832
140,52367,2016-04-17 06:18:00,2026352035,0,74,0,0.0,0.0,0.0,0.0,102,29.0,0,378,0.01391535740481832
141,52368,2016-04-17 06:19:00,2026352035,0,74,0,0.0,0.0,0.0,0.0,102,29.0,0,379,0.01391535740481832
142,52369,2016-04-17 06:20:00,2026352035,0,74,0,0.0,0.0,0.0,0.0,102,24.0,0,380,0.011448900814847614
143,52370,2016-04-17 06:21:00,2026352035,0,74,15,0.0,0.0,0.0,0.0,117,24.0,0,381,0.014810117972196831
144,52371,2016-04-17 06:22:00,2026352035,0,74,15,0.0,0.0,0.0,0.0,132,39.0,0,382,0.034190775695268176
145,52372,2016-04-17 06:23:00,2026352035,0,74,35,0.0,0.0,0.0,0.0,167,54.0,0,383,0.0028263041816378198
146,52373,2016-04-17 06:24:00,2026352035,0,74,19,0.0,0.0,0.0,0.0,186,89.0,0,384,0.0028263041816378198
147,52374,2016-04-17 06:25:00,2026352035,0,74,0,0.0,0.0,0.0,0.0,186,108.0,0,385,0.0018346446952571293
148,52376,2016-04-17 06:27:00,2026352035,0,76,0,0.0,0.0,0.0,0.0,186,0.0,0,387,0.007212781772914732
149,52377,2016-04-17 06:28:00,2026352035,0,79,0,0.0,0.0,0.0,0.0,186,0.0,0,388,0.007212781772914732
150,64086,2016-04-25 09:37:00,2026352035,0,91,11,0.0,0.0,0.0,0.0,0,0.0,0,577,0.010198110194642031
151,64087,2016-04-25 09:38:00,2026352035,0,99,0,0.0,0.0,0.0,0.0,0,11.0,0,578,0.040265894051807374
152,64088,2016-04-25 09:39:00,2026352035,0,103,0,0.0,0.0,0.0,0.0,0,11.0,0,579,0.040265894051807374
153,64089,2016-04-25 09:40:00,2026352035,0,102,0,0.0,0.0,0.0,0.0,0,11.0,0,580,0.040265894051807374
154,64090,2016-04-25 09:41:00,2026352035,0,104,0,0.0,0.0,0.0,0.0,0,11.0,0,581,0.040265894051807374
155,64091,2016-04-25 09:42:00,2026352035,0,104,7,0.0,0.0,0.0,0.0,7,11.0,0,582,0.040265894051807374
156,64092,2016-04-25 09:43:00,2026352035,0,102,7,0.0,0.0,0.0,0.0,14,18.0,0,583,0.040265894051807374
157,64093,2016-04-25 09:44:00,2026352035,0,104,0,0.0,0.0,0.0,0.0,14,25.0,0,584,0.040265894051807374
158,64094,2016-04-25 09:45:00,2026352035,0,103,0,0.0,0.0,0.0,0.0,14,25.0,0,585,0.040265894051807374
159,64095,2016-04-25 09:46:00,2026352035,0,109,0,0.0,0.0,0.0,0.0,14,25.0,0,586,0.040265894051807374
160,64096,2016-04-25 09:47:00,2026352035,0,109,0,0.0,0.0,0.0,0.0,14,25.0,0,587,0.040265894051807374
161,64097,2016-04-25 09:48:00,2026352035,0,103,0,0.0,0.0,0.0,0.0,14,14.0,0,588,0.040265894051807374
162,64098,2016-04-25 09:49:00,2026352035,0,101,0,0.0,0.0,0.0,0.0,14,14.0,0,589,0.040265894051807374
163,64099,2016-04-25 09:50:00,2026352035,0,102,0,0.0,0.0,0.0,0.0,14,14.0,0,590,0.040265894051807374
164,64100,2016-04-25 09:51:00,2026352035,0,107,0,0.0,0.0,0.0,0.0,14,14.0,0,591,0.040265894051807374
165,64101,2016-04-25 09:52:00,2026352035,0,109,0,0.0,0.0,0.0,0.0,14,14.0,0,592,0.040265894051807374
166,64102,2016-04-25 09:53:00,2026352035,0,109,0,0.0,0.0,0.0,0.0,14,7.0,0,593,0.028104921764356115
167,64103,2016-04-25 09:54:00,2026352035,0,106,0,0.0,0.0,0.0,0.0,14,0.0,0,594,0.010198110194642031
168,64104,2016-04-25 09:55:00,2026352035,0,107,0,0.0,0.0,0.0,0.0,14,0.0,0,595,0.010198110194642031
169,64105,2016-04-25 09:56:00,2026352035,0,112,0,0.0,0.0,0.0,0.0,14,0.0,0,596,0.010198110194642031
170,64106,2016-04-25 09:57:00,2026352035,0,111,0,0.0,0.0,0.0,0.0,14,0.0,0,597,0.010198110194642031
171,64107,2016-04-25 09:58:00,2026352035,0,109,0,0.0,0.0,0.0,0.0,14,0.0,0,598,0.010198110194642031
172,64108,2016-04-25 09:59:00,2026352035,0,108,0,0.0,0.0,0.0,0.0,14,0.0,0,599,0.010198110194642031
173,64109,2016-04-25 10:00:00,2026352035,0,107,0,0.0,0.0,0.0,0.0,14,0.0,0,600,0.010198110194642031
174,64110,2016-04-25 10:01:00,2026352035,0,100,0,0.0,0.0,0.0,0.0,14,0.0,0,601,0.010198110194642031
175,64111,2016-04-25 10:02:00,2026352035,0,105,0,0.0,0.0,0.0,0.0,14,0.0,0,602,0.010198110194642031
176,64112,2016-04-25 10:03:00,2026352035,0,99,0,0.0,0.0,0.0,0.0,14,0.0,0,603,0.010198110194642031
177,64113,2016-04-25 10:04:00,2026352035,0,89,0,0.0,0.0,0.0,0.0,14,0.0,0,604,0.010198110194642031
178,64114,2016-04-25 10:05:00,2026352035,0,88,0,0.0,0.0,0.0,0.0,14,0.0,0,605,0.010198110194642031
179,64115,2016-04-25 10:06:00,2026352035,0,90,0,0.0,0.0,0.0,0.0,14,0.0,0,606,0.010198110194642031
180,64116,2016-04-25 10:07:00,2026352035,0,90,0,0.0,0.0,0.0,0.0,14,0.0,0,607,0.010198110194642031
181,64117,2016-04-25 10:08:00,2026352035,0,97,0,0.0,0.0,0.0,0.0,14,0.0,0,608,0.010198110194642031
182,64118,2016-04-25 10:09:00,2026352035,0,102,0,0.0,0.0,0.0,0.0,14,0.0,0,609,0.010198110194642031
183,64119,2016-04-25 10:10:00,2026352035,0,102,12,0.0,0.0,0.0,0.0,26,0.0,0,610,0.025869104547602873
184,64120,2016-04-25 10:11:00,2026352035,0,96,0,0.0,0.0,0.0,0.0,26,12.0,0,611,0.05593688840476821
185,64121,2016-04-25 10:12:00,2026352035,0,95,0,0.0,0.0,0.0,0.0,26,12.0,0,612,0.05593688840476821
186,64122,2016-04-25 10:13:00,2026352035,0,97,0,0.0,0.0,0.0,0.0,26,12.0,0,613,0.05593688840476821
187,64123,2016-04-25 10:14:00,2026352035,0,97,0,0.0,0.0,0.0,0.0,26,12.0,0,614,0.05593688840476821
188,64124,2016-04-25 10:15:00,2026352035,0,97,0,0.0,0.0,0.0,0.0,26,12.0,0,615,0.05593688840476821
189,64125,2016-04-25 10:16:00,2026352035,0,97,0,0.0,0.0,0.0,0.0,26,12.0,0,616,0.05593688840476821
190,64126,2016-04-25 10:17:00,2026352035,0,94,0,0.0,0.0,0.0,0.0,26,12.0,0,617,0.05593688840476821
191,64127,2016-04-25 10:18:00,2026352035,0,93,0,0.0,0.0,0.0,0.0,26,12.0,0,618,0.05593688840476821
192,64128,2016-04-25 10:19:00,2026352035,0,94,0,0.0,0.0,0.0,0.0,26,12.0,0,619,0.05593688840476821
193,64129,2016-04-25 10:20:00,2026352035,0,96,0,0.0,0.0,0.0,0.0,26,12.0,0,620,0.05593688840476821
194,64130,2016-04-25 10:21:00,2026352035,0,100,7,0.0,0.0,0.0,0.0,33,0.0,0,621,0.025869104547602873
195,64131,2016-04-25 10:22:00,2026352035,0,94,0,0.0,0.0,0.0,0.0,33,7.0,0,622,0.043775916117316946
196,64132,2016-04-25 10:23:00,2026352035,0,92,0,0.0,0.0,0.0,0.0,33,7.0,0,623,0.043775916117316946
197,64133,2016-04-25 10:24:00,2026352035,0,100,4,0.0,0.0,0.0,0.0,37,7.0,0,624,0.027625498968344927
198,64134,2016-04-25 10:25:00,2026352035,0,98,0,0.0,0.0,0.0,0.0,37,11.0,0,625,0.030912012689304123
199,64135,2016-04-25 10:26:00,2026352035,0,91,7,0.0,0.0,0.0,0.0,44,11.0,0,626,0.039641592947177534
200,64136,2016-04-25 10:27:00,2026352035,0,91,0,0.0,0.0,0.0,0.0,44,18.0,0,627,0.039641592947177534
201,64137,2016-04-25 10:28:00,2026352035,0,93,0,0.0,0.0,0.0,0.0,44,18.0,0,628,0.039641592947177534
202,64138,2016-04-25 10:29:00,2026352035,0,94,5,0.0,0.0,0.0,0.0,49,18.0,0,629,0.04207427296233593
203,64140,2016-04-25 10:31:00,2026352035,0,93,6,0.0,0.0,0.0,0.0,55,0.0,0,631,0.0074341471969042614
204,64141,2016-04-25 10:32:00,2026352035,0,92,0,0.0,0.0,0.0,0.0,55,6.0,0,632,0.005224727381588737
205,64142,2016-04-25 10:33:00,2026352035,0,94,0,0.0,0.0,0.0,0.0,55,6.0,0,633,0.005224727381588737
206,64143,2016-04-25 10:34:00,2026352035,0,97,0,0.0,0.0,0.0,0.0,55,6.0,0,634,0.005224727381588737
207,64144,2016-04-25 10:35:00,2026352035,0,97,0,0.0,0.0,0.0,0.0,55,6.0,0,635,0.005224727381588737
208,64145,2016-04-25 10:36:00,2026352035,0,97,0,0.0,0.0,0.0,0.0,55,6.0,0,636,0.005224727381588737
209,64147,2016-04-25 10:38:00,2026352035,0,97,10,0.0,0.0,0.0,0.0,65,0.0,0,638,0.0074341471969042614
210,64148,2016-04-25 10:39:00,2026352035,0,96,0,0.0,0.0,0.0,0.0,65,10.0,0,639,0.008558209594233108
211,64149,2016-04-25 10:40:00,2026352035,0,95,0,0.0,0.0,0.0,0.0,65,10.0,0,640,0.008558209594233108
212,64150,2016-04-25 10:41:00,2026352035,0,95,0,0.0,0.0,0.0,0.0,65,10.0,0,641,0.008558209594233108
213,64151,2016-04-25 10:42:00,2026352035,0,95,0,0.0,0.0,0.0,0.0,65,10.0,0,642,0.008558209594233108
214,64152,2016-04-25 10:43:00,2026352035,0,95,0,0.0,0.0,0.0,0.0,65,10.0,0,643,0.008558209594233108
215,64153,2016-04-25 10:44:00,2026352035,0,95,0,0.0,0.0,0.0,0.0,65,10.0,0,644,0.008558209594233108
216,64154,2016-04-25 10:45:00,2026352035,0,95,0,0.0,0.0,0.0,0.0,65,10.0,0,645,0.008558209594233108
217,64155,2016-04-25 10:46:00,2026352035,0,93,0,0.0,0.0,0.0,0.0,65,10.0,0,646,0.008558209594233108
218,64156,2016-04-25 10:47:00,2026352035,0,93,0,0.0,0.0,0.0,0.0,65,10.0,0,647,0.008558209594233108
219,64157,2016-04-25 10:48:00,2026352035,0,91,0,0.0,0.0,0.0,0.0,65,10.0,0,648,0.008558209594233108
220,64158,2016-04-25 10:49:00,2026352035,0,84,0,0.0,0.0,0.0,0.0,65,0.0,0,649,0.0074341471969042614
221,64159,2016-04-25 10:50:00,2026352035,0,83,0,0.0,0.0,0.0,0.0,65,0.0,0,650,0.0074341471969042614
222,64160,2016-04-25 10:51:00,2026352035,0,91,30,0.0,0.0,0.0,0.0,95,0.0,0,651,0.000791792305088296
223,64161,2016-04-25 10:52:00,2026352035,0,100,10,0.0,0.0,0.0,0.0,105,30.0,0,652,0.008401240767701743
224,64162,2016-04-25 10:53:00,2026352035,0,100,0,0.0,0.0,0.0,0.0,105,40.0,0,653,0.008401240767701743
225,64163,2016-04-25 10:54:00,2026352035,0,100,0,0.0,0.0,0.0,0.0,105,40.0,0,654,0.008401240767701743
226,64164,2016-04-25 10:55:00,2026352035,0,98,0,0.0,0.0,0.0,0.0,105,40.0,0,655,0.008401240767701743
227,64165,2016-04-25 10:56:00,2026352035,0,98,0,0.0,0.0,0.0,0.0,105,40.0,0,656,0.008401240767701743
228,64166,2016-04-25 10:57:00,2026352035,0,97,0,0.0,0.0,0.0,0.0,105,40.0,0,657,0.008401240767701743
229,64167,2016-04-25 10:58:00,2026352035,0,97,0,0.0,0.0,0.0,0.0,105,40.0,0,658,0.008401240767701743
230,64168,2016-04-25 10:59:00,2026352035,0,98,29,0.0,0.0,0.0,0.0,134,40.0,0,659,0.010015884003672967
231,64169,2016-04-25 11:00:00,2026352035,0,99,13,0.0,0.0,0.0,0.0,147,69.0,0,660,0.010015884003672967
232,64170,2016-04-25 11:01:00,2026352035,0,103,44,0.0,0.0,0.0,0.0,191,82.0,0,661,0.0025607795047331533
233,64171,2016-04-25 11:02:00,2026352035,0,97,36,0.0,0.0,0.0,0.0,227,96.0,0,662,0.0016341844163765592
234,64172,2016-04-25 11:03:00,2026352035,0,97,17,0.0,0.0,0.0,0.0,244,122.0,0,663,0.0009776621145732825
235,64173,2016-04-25 11:04:00,2026352035,0,103,46,0.0,0.0,0.0,0.0,290,139.0,0,664,0.0009776621145732825
236,64174,2016-04-25 11:05:00,2026352035,0,120,84,0.0,0.0,0.0,0.0,374,185.0,0,665,0.0017759969488052795
237,64175,2016-04-25 11:06:00,2026352035,0,118,95,0.0,0.0,0.0,0.0,469,269.0,0,666,0.00033463294405550593
238,64176,2016-04-25 11:07:00,2026352035,0,112,26,0.0,0.0,0.0,0.0,495,364.0,0,667,0.00033463294405550593
239,64177,2016-04-25 11:08:00,2026352035,0,112,3,0.0,0.0,0.0,0.0,498,390.0,0,668,0.00033463294405550593
240,64178,2016-04-25 11:09:00,2026352035,0,108,0,0.0,0.0,0.0,0.0,498,393.0,0,669,0.00033463294405550593
241,64179,2016-04-25 11:10:00,2026352035,0,108,0,0.0,0.0,0.0,0.0,498,364.0,0,670,0.00033463294405550593
242,64180,2016-04-25 11:11:00,2026352035,0,108,22,0.0,0.0,0.0,0.0,520,351.0,0,671,0.00033463294405550593
243,64181,2016-04-25 11:12:00,2026352035,0,108,11,0.0,0.0,0.0,0.0,531,329.0,0,672,0.00866873051201539
244,64182,2016-04-25 11:13:00,2026352035,0,108,0,0.0,0.0,0.0,0.0,531,304.0,0,673,0.00866873051201539
245,64183,2016-04-25 11:14:00,2026352035,0,108,0,0.0,0.0,0.0,0.0,531,287.0,0,674,0.00866873051201539
246,64184,2016-04-25 11:15:00,2026352035,0,108,12,0.0,0.0,0.0,0.0,543,241.0,0,675,0.00866873051201539
247,64185,2016-04-25 11:16:00,2026352035,0,108,46,0.0,0.0,0.0,0.0,589,169.0,0,676,0.00866873051201539
248,64186,2016-04-25 11:17:00,2026352035,0,108,0,0.0,0.0,0.0,0.0,589,120.0,0,677,0.0008389373592345489
249,64187,2016-04-25 11:18:00,2026352035,0,108,4,0.0,0.0,0.0,0.0,593,94.0,0,678,0.006753883069929556
250,64188,2016-04-25 11:19:00,2026352035,0,108,0,0.0,0.0,0.0,0.0,593,95.0,0,679,0.006753883069929556
251,64189,2016-04-25 11:20:00,2026352035,0,108,0,0.0,0.0,0.0,0.0,593,95.0,0,680,0.006753883069929556
252,64190,2016-04-25 11:21:00,2026352035,0,108,0,0.0,0.0,0.0,0.0,593,95.0,0,681,0.006753883069929556
253,64191,2016-04-25 11:22:00,2026352035,0,108,0,0.0,0.0,0.0,0.0,593,73.0,0,682,0.006753883069929556
254,64192,2016-04-25 11:23:00,2026352035,0,108,0,0.0,0.0,0.0,0.0,593,62.0,0,683,0.006753883069929556
255,64193,2016-04-25 11:24:00,2026352035,0,108,0,0.0,0.0,0.0,0.0,593,62.0,0,684,0.006753883069929556
256,64194,2016-04-25 11:25:00,2026352035,0,108,0,0.0,0.0,0.0,0.0,593,62.0,0,685,0.006753883069929556
257,64196,2016-04-25 11:27:00,2026352035,0,104,0,0.0,0.0,0.0,0.0,593,0.0,0,687,0.010098241167150081
258,64197,2016-04-25 11:28:00,2026352035,0,93,0,0.0,0.0,0.0,0.0,593,0.0,0,688,0.0035783036631260507
259,74708,2016-05-02 18:39:00,2026352035,0,103,0,0.0,0.0,0.0,0.0,0,0.0,0,1119,0.010198110194642031
260,74709,2016-05-02 18:40:00,2026352035,0,108,56,0.0,0.0,0.0,0.0,56,0.0,0,1120,0.0074341471969042614
261,74710,2016-05-02 18:41:00,2026352035,0,95,19,0.0,0.0,0.0,0.0,75,56.0,0,1121,0.021222520920088455
262,74711,2016-05-02 18:42:00,2026352035,0,90,0,0.0,0.0,0.0,0.0,75,75.0,0,1122,0.021222520920088455
263,74712,2016-05-02 18:43:00,2026352035,0,90,0,0.0,0.0,0.0,0.0,75,75.0,0,1123,0.021222520920088455
264,74713,2016-05-02 18:44:00,2026352035,0,89,0,0.0,0.0,0.0,0.0,75,75.0,0,1124,0.021222520920088455
265,74714,2016-05-02 18:45:00,2026352035,0,88,6,0.0,0.0,0.0,0.0,81,75.0,0,1125,0.06379085281704078
266,74715,2016-05-02 18:46:00,2026352035,0,89,0,0.0,0.0,0.0,0.0,81,81.0,0,1126,0.06379085281704078
267,74716,2016-05-02 18:47:00,2026352035,0,90,11,0.0,0.0,0.0,0.0,92,81.0,0,1127,0.009235639368569965
268,74717,2016-05-02 18:48:00,2026352035,0,96,33,0.0,0.0,0.0,0.0,125,92.0,0,1128,0.012596856525919181
269,74718,2016-05-02 18:49:00,2026352035,0,100,54,0.0,0.0,0.0,0.0,179,125.0,0,1129,0.011501875719694323
270,74719,2016-05-02 18:50:00,2026352035,0,93,41,0.0,0.0,0.0,0.0,220,179.0,0,1130,0.011501875719694323
271,74720,2016-05-02 18:51:00,2026352035,0,96,20,0.0,0.0,0.0,0.0,240,164.0,0,1131,0.011501875719694323
272,74721,2016-05-02 18:52:00,2026352035,0,101,39,0.0,0.0,0.0,0.0,279,165.0,0,1132,0.011501875719694323
273,74722,2016-05-02 18:53:00,2026352035,0,92,7,0.0,0.0,0.0,0.0,286,204.0,0,1133,0.011501875719694323
274,74723,2016-05-02 18:54:00,2026352035,0,77,10,0.0,0.0,0.0,0.0,296,211.0,0,1134,0.011501875719694323
275,74724,2016-05-02 18:55:00,2026352035,0,79,10,0.0,0.0,0.0,0.0,306,221.0,0,1135,0.011501875719694323
276,74725,2016-05-02 18:56:00,2026352035,0,78,0,0.0,0.0,0.0,0.0,306,225.0,0,1136,0.011501875719694323
277,74726,2016-05-02 18:57:00,2026352035,0,74,0,0.0,0.0,0.0,0.0,306,225.0,0,1137,0.011501875719694323
278,74727,2016-05-02 18:58:00,2026352035,0,74,0,0.0,0.0,0.0,0.0,306,214.0,0,1138,0.011501875719694323
279,74728,2016-05-02 18:59:00,2026352035,0,77,10,0.0,0.0,0.0,0.0,316,181.0,0,1139,0.011501875719694323
280,74729,2016-05-02 19:00:00,2026352035,0,76,0,0.0,0.0,0.0,0.0,316,137.0,0,1140,0.011501875719694323
281,74730,2016-05-02 19:01:00,2026352035,0,75,0,0.0,0.0,0.0,0.0,316,96.0,0,1141,0.012158398021497603
282,74731,2016-05-02 19:02:00,2026352035,0,75,8,0.0,0.0,0.0,0.0,324,76.0,0,1142,0.012158398021497603
283,74732,2016-05-02 19:03:00,2026352035,0,76,0,0.0,0.0,0.0,0.0,324,45.0,0,1143,0.012158398021497603
284,74733,2016-05-02 19:04:00,2026352035,0,83,0,0.0,0.0,0.0,0.0,324,38.0,0,1144,0.012158398021497603
285,74734,2016-05-02 19:05:00,2026352035,0,79,8,0.0,0.0,0.0,0.0,332,28.0,0,1145,0.014637730534340126
286,74735,2016-05-02 19:06:00,2026352035,0,75,18,0.0,0.0,0.0,0.0,350,26.0,0,1146,0.009257109363722846
287,74736,2016-05-02 19:07:00,2026352035,0,80,0,0.0,0.0,0.0,0.0,350,44.0,0,1147,0.0129567328557296
288,74737,2016-05-02 19:08:00,2026352035,0,82,0,0.0,0.0,0.0,0.0,350,44.0,0,1148,0.0129567328557296
289,74738,2016-05-02 19:09:00,2026352035,0,80,0,0.0,0.0,0.0,0.0,350,44.0,0,1149,0.0129567328557296
290,74739,2016-05-02 19:10:00,2026352035,0,80,0,0.0,0.0,0.0,0.0,350,34.0,0,1150,0.0129567328557296
291,74740,2016-05-02 19:11:00,2026352035,0,75,0,0.0,0.0,0.0,0.0,350,34.0,0,1151,0.0129567328557296
292,74741,2016-05-02 19:12:00,2026352035,0,71,0,0.0,0.0,0.0,0.0,350,34.0,0,1152,0.0129567328557296
293,74742,2016-05-02 19:13:00,2026352035,0,75,0,0.0,0.0,0.0,0.0,350,26.0,0,1153,0.009257109363722846
294,74743,2016-05-02 19:14:00,2026352035,0,77,0,0.0,0.0,0.0,0.0,350,26.0,0,1154,0.009257109363722846
295,74744,2016-05-02 19:15:00,2026352035,0,78,0,0.0,0.0,0.0,0.0,350,26.0,0,1155,0.009257109363722846
296,74745,2016-05-02 19:16:00,2026352035,0,81,0,0.0,0.0,0.0,0.0,350,18.0,0,1156,0.009257109363722846
297,74746,2016-05-02 19:17:00,2026352035,0,80,0,0.0,0.0,0.0,0.0,350,0.0,0,1157,0.0037066417583307694
298,74747,2016-05-02 19:18:00,2026352035,0,78,0,0.0,0.0,0.0,0.0,350,0.0,0,1158,0.0037066417583307694
299,74748,2016-05-02 19:19:00,2026352035,0,78,0,0.0,0.0,0.0,0.0,350,0.0,0,1159,0.0037066417583307694
300,74749,2016-05-02 19:20:00,2026352035,0,78,4,0.0,0.0,0.0,0.0,354,0.0,0,1160,0.005832870696847519
301,74750,2016-05-02 19:21:00,2026352035,0,78,0,0.0,0.0,0.0,0.0,354,4.0,0,1161,0.0048881856952320505
302,74751,2016-05-02 19:22:00,2026352035,0,78,0,0.0,0.0,0.0,0.0,354,4.0,0,1162,0.0048881856952320505
303,74752,2016-05-02 19:23:00,2026352035,0,81,7,0.0,0.0,0.0,0.0,361,4.0,0,1163,0.006482794671463722
304,74753,2016-05-02 19:24:00,2026352035,0,84,0,0.0,0.0,0.0,0.0,361,11.0,0,1164,0.008773063615527198
305,74754,2016-05-02 19:25:00,2026352035,0,84,0,0.0,0.0,0.0,0.0,361,11.0,0,1165,0.008773063615527198
306,74755,2016-05-02 19:26:00,2026352035,0,83,0,0.0,0.0,0.0,0.0,361,11.0,0,1166,0.008773063615527198
307,74756,2016-05-02 19:27:00,2026352035,0,86,31,0.0,0.0,0.0,0.0,392,11.0,0,1167,0.008773063615527198
308,74757,2016-05-02 19:28:00,2026352035,0,86,0,0.0,0.0,0.0,0.0,392,42.0,0,1168,0.0129567328557296
309,74759,2016-05-02 19:30:00,2026352035,0,85,0,0.0,0.0,0.0,0.0,392,0.0,0,1170,0.0037066417583307694
310,74760,2016-05-02 19:31:00,2026352035,0,91,0,0.0,0.0,0.0,0.0,392,0.0,0,1171,0.0037066417583307694
311,74761,2016-05-02 19:32:00,2026352035,0,93,20,0.0,0.0,0.0,0.0,412,0.0,0,1172,0.003323888967023554
312,74762,2016-05-02 19:33:00,2026352035,0,93,13,0.0,0.0,0.0,0.0,425,20.0,0,1173,0.003123708082056648
313,74763,2016-05-02 19:34:00,2026352035,0,93,0,0.0,0.0,0.0,0.0,425,33.0,0,1174,0.003021199800986128
314,74764,2016-05-02 19:35:00,2026352035,0,93,0,0.0,0.0,0.0,0.0,425,33.0,0,1175,0.003021199800986128
315,74765,2016-05-02 19:36:00,2026352035,0,92,0,0.0,0.0,0.0,0.0,425,33.0,0,1176,0.006819025881574005
316,74766,2016-05-02 19:37:00,2026352035,0,92,0,0.0,0.0,0.0,0.0,425,33.0,0,1177,0.006819025881574005
317,74767,2016-05-02 19:38:00,2026352035,0,92,0,0.0,0.0,0.0,0.0,425,33.0,0,1178,0.006819025881574005
318,74768,2016-05-02 19:39:00,2026352035,0,92,0,0.0,0.0,0.0,0.0,425,33.0,0,1179,0.006819025881574005
319,74769,2016-05-02 19:40:00,2026352035,0,92,0,0.0,0.0,0.0,0.0,425,33.0,0,1180,0.006819025881574005
320,74770,2016-05-02 19:41:00,2026352035,0,92,0,0.0,0.0,0.0,0.0,425,33.0,0,1181,0.003032895776410014
321,74771,2016-05-02 19:42:00,2026352035,0,92,6,0.0,0.0,0.0,0.0,431,33.0,0,1182,0.003032895776410014
322,74772,2016-05-02 19:43:00,2026352035,0,92,0,0.0,0.0,0.0,0.0,431,19.0,0,1183,0.003135404057480534
323,74773,2016-05-02 19:44:00,2026352035,0,92,0,0.0,0.0,0.0,0.0,431,6.0,0,1184,0.0016236010471477604
324,74775,2016-05-02 19:46:00,2026352035,0,92,0,0.0,0.0,0.0,0.0,431,0.0,0,1186,0.0005585658753559904
325,74776,2016-05-02 19:47:00,2026352035,0,89,0,0.0,0.0,0.0,0.0,431,0.0,0,1187,0.0005585658753559904
326,74777,2016-05-02 19:48:00,2026352035,0,86,0,0.0,0.0,0.0,0.0,431,0.0,0,1188,0.0005585658753559904
327,74778,2016-05-02 19:49:00,2026352035,0,86,0,0.0,0.0,0.0,0.0,431,0.0,0,1189,0.0005585658753559904
328,74779,2016-05-02 19:50:00,2026352035,0,86,0,0.0,0.0,0.0,0.0,431,0.0,0,1190,0.0005585658753559904
329,74780,2016-05-02 19:51:00,2026352035,0,86,0,0.0,0.0,0.0,0.0,431,0.0,0,1191,0.0005585658753559904
330,74782,2016-05-02 19:53:00,2026352035,0,84,6,0.0,0.0,0.0,0.0,437,0.0,0,1193,0.003026278433214501
331,74783,2016-05-02 19:54:00,2026352035,0,81,0,0.0,0.0,0.0,0.0,437,6.0,0,1194,0.0017562327239360965
332,74784,2016-05-02 19:55:00,2026352035,0,79,0,0.0,0.0,0.0,0.0,437,6.0,0,1195,0.0017562327239360965
333,74785,2016-05-02 19:56:00,2026352035,0,79,0,0.0,0.0,0.0,0.0,437,6.0,0,1196,0.0017562327239360965
334,74786,2016-05-02 19:57:00,2026352035,0,79,0,0.0,0.0,0.0,0.0,437,6.0,0,1197,0.0017562327239360965
335,74787,2016-05-02 19:58:00,2026352035,0,79,0,0.0,0.0,0.0,0.0,437,6.0,0,1198,0.0017562327239360965
336,74789,2016-05-02 20:00:00,2026352035,0,79,0,0.0,0.0,0.0,0.0,437,0.0,0,1200,0.0005585658753559904
337,74790,2016-05-02 20:01:00,2026352035,0,78,0,0.0,0.0,0.0,0.0,437,0.0,0,1201,0.0005585658753559904
338,74791,2016-05-02 20:02:00,2026352035,0,78,0,0.0,0.0,0.0,0.0,437,0.0,0,1202,0.0005585658753559904
339,74792,2016-05-02 20:03:00,2026352035,0,81,7,0.0,0.0,0.0,0.0,444,0.0,0,1203,0.003026278433214501
340,74793,2016-05-02 20:04:00,2026352035,0,81,10,0.0,0.0,0.0,0.0,454,7.0,0,1204,0.003329385943291756
341,74794,2016-05-02 20:05:00,2026352035,0,81,7,0.0,0.0,0.0,0.0,461,17.0,0,1205,0.0032680357342688704
342,74795,2016-05-02 20:06:00,2026352035,0,80,0,0.0,0.0,0.0,0.0,461,24.0,0,1206,0.0032680357342688704
343,74796,2016-05-02 20:07:00,2026352035,0,80,0,0.0,0.0,0.0,0.0,461,24.0,0,1207,0.0032680357342688704
344,74797,2016-05-02 20:08:00,2026352035,0,80,0,0.0,0.0,0.0,0.0,461,24.0,0,1208,0.0032680357342688704
345,74799,2016-05-02 20:10:00,2026352035,0,80,0,0.0,0.0,0.0,0.0,461,0.0,0,1210,0.0027902826153098905
346,74800,2016-05-02 20:11:00,2026352035,0,74,0,0.0,0.0,0.0,0.0,461,0.0,0,1211,0.002698774537819239
347,74801,2016-05-02 20:12:00,2026352035,0,73,0,0.0,0.0,0.0,0.0,461,0.0,0,1212,0.0038945277643876717
348,74802,2016-05-02 20:13:00,2026352035,0,73,0,0.0,0.0,0.0,0.0,461,0.0,0,1213,0.012824621022511995
349,74803,2016-05-02 20:14:00,2026352035,0,73,6,0.0,0.0,0.0,0.0,467,0.0,0,1214,0.0026978807563764733
350,74804,2016-05-02 20:15:00,2026352035,0,73,18,0.0,0.0,0.0,0.0,485,6.0,0,1215,0.0023734718415630565
351,74933,2016-05-02 22:24:00,2026352035,0,73,0,0.0,0.0,0.0,0.0,485,0.0,0,1344,0.002217785728345133
352,74934,2016-05-02 22:25:00,2026352035,0,73,0,0.0,0.0,0.0,0.0,485,0.0,0,1345,0.002217785728345133
353,84637,2016-05-09 16:08:00,2026352035,0,76,40,0.0,0.0,0.0,0.0,0,0.0,0,968,0.010198110194642031
354,84638,2016-05-09 16:09:00,2026352035,0,82,8,0.0,0.0,0.0,0.0,8,40.0,0,969,0.040265894051807374
355,84639,2016-05-09 16:10:00,2026352035,0,93,48,0.0,0.0,0.0,0.0,56,48.0,0,970,0.0032599819810130506
356,84640,2016-05-09 16:11:00,2026352035,0,99,43,0.0,0.0,0.0,0.0,99,96.0,0,971,0.009235639368569965
357,84641,2016-05-09 16:12:00,2026352035,0,105,13,0.0,0.0,0.0,0.0,112,139.0,0,972,0.007977710864525294
358,84642,2016-05-09 16:13:00,2026352035,0,108,15,0.0,0.0,0.0,0.0,127,152.0,0,973,0.011338928021874509
359,84643,2016-05-09 16:14:00,2026352035,0,105,20,0.0,0.0,0.0,0.0,147,167.0,0,974,0.00959235410049652
360,84644,2016-05-09 16:15:00,2026352035,0,101,7,0.0,0.0,0.0,0.0,154,187.0,0,975,0.013774573135506544
361,84645,2016-05-09 16:16:00,2026352035,0,94,0,0.0,0.0,0.0,0.0,154,194.0,0,976,0.013774573135506544
362,84646,2016-05-09 16:17:00,2026352035,0,86,20,0.0,0.0,0.0,0.0,174,194.0,0,977,0.010844780505150128
363,84647,2016-05-09 16:18:00,2026352035,0,89,7,0.0,0.0,0.0,0.0,181,214.0,0,978,0.010844780505150128
364,84648,2016-05-09 16:19:00,2026352035,0,89,0,0.0,0.0,0.0,0.0,181,181.0,0,979,0.010844780505150128
365,84649,2016-05-09 16:20:00,2026352035,0,90,17,0.0,0.0,0.0,0.0,198,173.0,0,980,0.010844780505150128
366,84650,2016-05-09 16:21:00,2026352035,0,97,16,0.0,0.0,0.0,0.0,214,142.0,0,981,0.010844780505150128
367,84651,2016-05-09 16:22:00,2026352035,0,99,5,0.0,0.0,0.0,0.0,219,115.0,0,982,0.010844780505150128
368,84652,2016-05-09 16:23:00,2026352035,0,96,9,0.0,0.0,0.0,0.0,228,107.0,0,983,0.010844780505150128
369,84653,2016-05-09 16:24:00,2026352035,0,101,12,0.0,0.0,0.0,0.0,240,101.0,0,984,0.012724111661652767
370,84654,2016-05-09 16:25:00,2026352035,0,97,21,0.0,0.0,0.0,0.0,261,93.0,0,985,0.011501302806953405
371,84655,2016-05-09 16:26:00,2026352035,0,98,19,0.0,0.0,0.0,0.0,280,107.0,0,986,0.010844780505150128
372,84656,2016-05-09 16:27:00,2026352035,0,93,40,0.0,0.0,0.0,0.0,320,126.0,0,987,0.010844780505150128
373,84657,2016-05-09 16:28:00,2026352035,0,97,76,0.0,0.0,0.0,0.0,396,146.0,0,988,0.011643115339382126
374,84658,2016-05-09 16:29:00,2026352035,0,113,58,0.0,0.0,0.0,0.0,454,215.0,0,989,0.001916190371994041
375,84659,2016-05-09 16:30:00,2026352035,0,121,31,0.0,0.0,0.0,0.0,485,273.0,0,990,0.001916190371994041
376,84660,2016-05-09 16:31:00,2026352035,0,117,56,0.0,0.0,0.0,0.0,541,287.0,0,991,0.001916190371994041
377,84661,2016-05-09 16:32:00,2026352035,0,117,69,0.0,0.0,0.0,0.0,610,327.0,0,992,0.005450565218526266
378,84662,2016-05-09 16:33:00,2026352035,0,114,56,0.0,0.0,0.0,0.0,666,391.0,0,993,0.0015988411806683736
379,84663,2016-05-09 16:34:00,2026352035,0,106,49,0.0,0.0,0.0,0.0,715,438.0,0,994,0.0018727292712487397
380,84664,2016-05-09 16:35:00,2026352035,0,99,8,0.0,0.0,0.0,0.0,723,475.0,0,995,0.0013650347108482047
381,84665,2016-05-09 16:36:00,2026352035,0,101,17,0.0,0.0,0.0,0.0,740,462.0,0,996,0.009382723515626207
382,84666,2016-05-09 16:37:00,2026352035,0,107,17,0.0,0.0,0.0,0.0,757,460.0,0,997,0.009382723515626207
383,84667,2016-05-09 16:38:00,2026352035,0,108,63,0.0,0.0,0.0,0.0,820,437.0,0,998,0.0005746048660260286
384,84668,2016-05-09 16:39:00,2026352035,0,112,54,0.0,0.0,0.0,0.0,874,424.0,0,999,0.0005746048660260286
385,84669,2016-05-09 16:40:00,2026352035,0,112,61,0.0,0.0,0.0,0.0,935,420.0,0,1000,0.0005746048660260286
386,84670,2016-05-09 16:41:00,2026352035,0,111,50,0.0,0.0,0.0,0.0,985,450.0,0,1001,0.0005746048660260286
387,84671,2016-05-09 16:42:00,2026352035,0,118,35,0.0,0.0,0.0,0.0,1020,444.0,0,1002,0.0005746048660260286
388,84672,2016-05-09 16:43:00,2026352035,0,113,24,0.0,0.0,0.0,0.0,1044,410.0,0,1003,0.0005746048660260286
389,84673,2016-05-09 16:44:00,2026352035,0,112,20,0.0,0.0,0.0,0.0,1064,378.0,0,1004,0.0005097296161959728
390,84674,2016-05-09 16:45:00,2026352035,0,113,65,0.0,0.0,0.0,0.0,1129,349.0,0,1005,0.0005746048660260286
391,84675,2016-05-09 16:46:00,2026352035,0,110,67,0.0,0.0,0.0,0.0,1196,406.0,0,1006,0.0005746048660260286
392,84676,2016-05-09 16:47:00,2026352035,0,106,25,0.0,0.0,0.0,0.0,1221,456.0,0,1007,0.0005746048660260286
393,84677,2016-05-09 16:48:00,2026352035,0,108,18,0.0,0.0,0.0,0.0,1239,464.0,0,1008,0.00032553166228831436
394,84678,2016-05-09 16:49:00,2026352035,0,108,33,0.0,0.0,0.0,0.0,1272,419.0,0,1009,0.0005746048660260286
395,84679,2016-05-09 16:50:00,2026352035,0,109,49,0.0,0.0,0.0,0.0,1321,398.0,0,1010,0.0005746048660260286
396,84680,2016-05-09 16:51:00,2026352035,0,113,27,0.0,0.0,0.0,0.0,1348,386.0,0,1011,0.0005746048660260286
397,84681,2016-05-09 16:52:00,2026352035,0,111,69,0.0,0.0,0.0,0.0,1417,363.0,0,1012,0.0005746048660260286
398,84682,2016-05-09 16:53:00,2026352035,0,106,73,0.0,0.0,0.0,0.0,1490,397.0,0,1013,0.0005746048660260286
399,84683,2016-05-09 16:54:00,2026352035,0,101,46,0.0,0.0,0.0,0.0,1536,446.0,0,1014,0.0005746048660260286
400,84684,2016-05-09 16:55:00,2026352035,0,96,7,0.0,0.0,0.0,0.0,1543,472.0,0,1015,0.0002724156776292759
401,84685,2016-05-09 16:56:00,2026352035,0,99,11,0.0,0.0,0.0,0.0,1554,414.0,0,1016,0.0002724156776292759
402,84686,2016-05-09 16:57:00,2026352035,0,105,22,0.0,0.0,0.0,0.0,1576,358.0,0,1017,0.0005746048660260286
403,84687,2016-05-09 16:58:00,2026352035,0,106,58,0.0,0.0,0.0,0.0,1634,355.0,0,1018,0.0005746048660260286
404,84688,2016-05-09 16:59:00,2026352035,0,104,78,0.0,0.0,0.0,0.0,1712,395.0,0,1019,0.0005377355387425413
405,84689,2016-05-09 17:00:00,2026352035,0,105,63,0.0,0.0,0.0,0.0,1775,440.0,0,1020,0.0005377355387425413
406,84690,2016-05-09 17:01:00,2026352035,0,104,1,0.0,0.0,0.0,0.0,1776,454.0,0,1021,0.0002886623350048266
407,84691,2016-05-09 17:02:00,2026352035,0,107,69,0.0,0.0,0.0,0.0,1845,428.0,0,1022,0.0005377355387425413
408,84692,2016-05-09 17:03:00,2026352035,0,111,73,0.0,0.0,0.0,0.0,1918,428.0,0,1023,0.0005377355387425413
409,84693,2016-05-09 17:04:00,2026352035,0,111,80,0.0,0.0,0.0,0.0,1998,428.0,0,1024,0.0005377355387425413
410,84694,2016-05-09 17:05:00,2026352035,0,107,86,0.0,0.0,0.0,0.0,2084,462.0,0,1025,0.0005377355387425413
411,84695,2016-05-09 17:06:00,2026352035,0,107,46,0.0,0.0,0.0,0.0,2130,541.0,0,1026,0.0005377355387425413
412,84696,2016-05-09 17:07:00,2026352035,0,91,0,0.0,0.0,0.0,0.0,2130,576.0,0,1027,0.0003194896536195678
413,84697,2016-05-09 17:08:00,2026352035,0,90,0,0.0,0.0,0.0,0.0,2130,554.0,0,1028,0.0003194896536195678
414,84698,2016-05-09 17:09:00,2026352035,0,94,68,0.0,0.0,0.0,0.0,2198,496.0,0,1029,0.0004960454287767081
415,84699,2016-05-09 17:10:00,2026352035,0,102,87,0.0,0.0,0.0,0.0,2285,486.0,0,1030,0.0005377355387425413
416,84700,2016-05-09 17:11:00,2026352035,0,106,94,0.0,0.0,0.0,0.0,2379,510.0,0,1031,0.0005377355387425413
417,84701,2016-05-09 17:12:00,2026352035,0,107,84,0.0,0.0,0.0,0.0,2463,603.0,0,1032,0.0005377355387427546
418,84702,2016-05-09 17:13:00,2026352035,0,112,62,0.0,0.0,0.0,0.0,2525,618.0,0,1033,0.0005377355387427546
419,84703,2016-05-09 17:14:00,2026352035,0,114,77,0.0,0.0,0.0,0.0,2602,607.0,0,1034,0.0005377355387427546
420,84704,2016-05-09 17:15:00,2026352035,0,109,62,0.0,0.0,0.0,0.0,2664,604.0,0,1035,0.0005377355387427546
421,84705,2016-05-09 17:16:00,2026352035,0,108,0,0.0,0.0,0.0,0.0,2664,580.0,0,1036,0.00028866233500503995
422,84706,2016-05-09 17:17:00,2026352035,0,105,12,0.0,0.0,0.0,0.0,2676,534.0,0,1037,0.00028866233500503995
423,84707,2016-05-09 17:18:00,2026352035,0,105,20,0.0,0.0,0.0,0.0,2696,546.0,0,1038,0.0004728602889126984
424,84708,2016-05-09 17:19:00,2026352035,0,109,29,0.0,0.0,0.0,0.0,2725,566.0,0,1039,0.0038210930194906984
425,84709,2016-05-09 17:20:00,2026352035,0,111,56,0.0,0.0,0.0,0.0,2781,527.0,0,1040,0.0038210930194906984
426,84710,2016-05-09 17:21:00,2026352035,0,112,54,0.0,0.0,0.0,0.0,2835,496.0,0,1041,0.0038210930194906984
427,84711,2016-05-09 17:22:00,2026352035,0,107,56,0.0,0.0,0.0,0.0,2891,456.0,0,1042,0.0038210930194906723
428,84712,2016-05-09 17:23:00,2026352035,0,105,46,0.0,0.0,0.0,0.0,2937,428.0,0,1043,0.0038210930194906723
429,84713,2016-05-09 17:24:00,2026352035,0,106,35,0.0,0.0,0.0,0.0,2972,412.0,0,1044,0.0005465574557904331
430,84714,2016-05-09 17:25:00,2026352035,0,98,0,0.0,0.0,0.0,0.0,2972,370.0,0,1045,0.00022739493561641725
431,84715,2016-05-09 17:26:00,2026352035,0,96,8,0.0,0.0,0.0,0.0,2980,308.0,0,1046,0.00020501923469812245
432,84716,2016-05-09 17:27:00,2026352035,0,95,0,0.0,0.0,0.0,0.0,2980,316.0,0,1047,0.00022739493561641725
433,84717,2016-05-09 17:28:00,2026352035,0,96,15,0.0,0.0,0.0,0.0,2995,304.0,0,1048,0.00020501923469812245
434,84718,2016-05-09 17:29:00,2026352035,0,94,8,0.0,0.0,0.0,0.0,3003,299.0,0,1049,0.00020501923469812245
435,84719,2016-05-09 17:30:00,2026352035,0,92,42,0.0,0.0,0.0,0.0,3045,278.0,0,1050,0.0004251460593772959
436,84720,2016-05-09 17:31:00,2026352035,0,97,25,0.0,0.0,0.0,0.0,3070,264.0,0,1051,0.0004251460593772959
437,84721,2016-05-09 17:32:00,2026352035,0,102,26,0.0,0.0,0.0,0.0,3096,235.0,0,1052,0.0005465574557904331
438,84722,2016-05-09 17:33:00,2026352035,0,99,0,0.0,0.0,0.0,0.0,3096,205.0,0,1053,0.00022739493561641725
439,84723,2016-05-09 17:34:00,2026352035,0,94,19,0.0,0.0,0.0,0.0,3115,159.0,0,1054,0.000362551088016358
440,84724,2016-05-09 17:35:00,2026352035,0,91,40,0.0,0.0,0.0,0.0,3155,143.0,0,1055,0.00042742633784641465
441,84725,2016-05-09 17:36:00,2026352035,0,97,71,0.0,0.0,0.0,0.0,3226,183.0,0,1056,0.0023015224223784094
442,84726,2016-05-09 17:37:00,2026352035,0,105,45,0.0,0.0,0.0,0.0,3271,246.0,0,1057,0.004084661243001568
443,84727,2016-05-09 17:38:00,2026352035,0,112,71,0.0,0.0,0.0,0.0,3342,291.0,0,1058,0.004084661243001568
444,84728,2016-05-09 17:39:00,2026352035,0,102,18,0.0,0.0,0.0,0.0,3360,347.0,0,1059,0.0038055110589136415
445,84729,2016-05-09 17:40:00,2026352035,0,95,9,0.0,0.0,0.0,0.0,3369,357.0,0,1060,0.0020223722382904825
446,84730,2016-05-09 17:41:00,2026352035,0,101,38,0.0,0.0,0.0,0.0,3407,324.0,0,1061,0.003967650599650305
447,84731,2016-05-09 17:42:00,2026352035,0,103,0,0.0,0.0,0.0,0.0,3407,337.0,0,1062,0.005826563760518472
448,84732,2016-05-09 17:43:00,2026352035,0,107,17,0.0,0.0,0.0,0.0,3424,311.0,0,1063,0.005826563760518472
449,84733,2016-05-09 17:44:00,2026352035,0,109,0,0.0,0.0,0.0,0.0,3424,328.0,0,1064,0.005826563760518472
450,84734,2016-05-09 17:45:00,2026352035,0,108,0,0.0,0.0,0.0,0.0,3424,309.0,0,1065,0.005826563760518472
451,84735,2016-05-09 17:46:00,2026352035,0,106,8,0.0,0.0,0.0,0.0,3432,269.0,0,1066,0.008748749316736831
452,84736,2016-05-09 17:47:00,2026352035,0,104,57,0.0,0.0,0.0,0.0,3489,206.0,0,1067,0.0025562946421462058
453,84737,2016-05-09 17:48:00,2026352035,0,103,7,0.0,0.0,0.0,0.0,3496,218.0,0,1068,0.0025562946421462058
454,84738,2016-05-09 17:49:00,2026352035,0,102,0,0.0,0.0,0.0,0.0,3496,154.0,0,1069,0.002920879001205595
455,84739,2016-05-09 17:50:00,2026352035,0,99,0,0.0,0.0,0.0,0.0,3496,136.0,0,1070,0.0008407805437534625
456,84740,2016-05-09 17:51:00,2026352035,0,94,4,0.0,0.0,0.0,0.0,3500,127.0,0,1071,0.0008407805437534625
457,84741,2016-05-09 17:52:00,2026352035,0,93,17,0.0,0.0,0.0,0.0,3517,93.0,0,1072,0.0013033036481981076
458,84742,2016-05-09 17:53:00,2026352035,0,91,0,0.0,0.0,0.0,0.0,3517,110.0,0,1073,0.0008407805437534625
459,84743,2016-05-09 17:54:00,2026352035,0,101,24,0.0,0.0,0.0,0.0,3541,93.0,0,1074,0.0030030277264819602
460,84744,2016-05-09 17:55:00,2026352035,0,100,0,0.0,0.0,0.0,0.0,3541,117.0,0,1075,0.0010619658403374266
461,84745,2016-05-09 17:56:00,2026352035,0,102,0,0.0,0.0,0.0,0.0,3541,117.0,0,1076,0.002920879001205595
462,84746,2016-05-09 17:57:00,2026352035,0,102,0,0.0,0.0,0.0,0.0,3541,109.0,0,1077,0.002920879001205595
463,84747,2016-05-09 17:58:00,2026352035,0,103,0,0.0,0.0,0.0,0.0,3541,52.0,0,1078,0.004861940887350129
464,84748,2016-05-09 17:59:00,2026352035,0,103,19,0.0,0.0,0.0,0.0,3560,45.0,0,1079,0.004861940887350129
465,84749,2016-05-09 18:00:00,2026352035,0,98,25,0.0,0.0,0.0,0.0,3585,64.0,0,1080,0.0013163681528464873
466,84750,2016-05-09 18:01:00,2026352035,0,96,0,0.0,0.0,0.0,0.0,3585,89.0,0,1081,0.0013683290340888517
467,84751,2016-05-09 18:02:00,2026352035,0,93,0,0.0,0.0,0.0,0.0,3585,85.0,0,1082,0.0013683290340888517
468,84752,2016-05-09 18:03:00,2026352035,0,92,0,0.0,0.0,0.0,0.0,3585,68.0,0,1083,0.0010022041887859968
469,84753,2016-05-09 18:04:00,2026352035,0,91,0,0.0,0.0,0.0,0.0,3585,68.0,0,1084,0.0010022041887859968
470,84754,2016-05-09 18:05:00,2026352035,0,90,0,0.0,0.0,0.0,0.0,3585,44.0,0,1085,0.0010022041887859968
471,84755,2016-05-09 18:06:00,2026352035,0,88,0,0.0,0.0,0.0,0.0,3585,44.0,0,1086,0.0010022041887859968
472,84756,2016-05-09 18:07:00,2026352035,0,86,0,0.0,0.0,0.0,0.0,3585,44.0,0,1087,0.0010022041887859968
473,84757,2016-05-09 18:08:00,2026352035,0,92,6,0.0,0.0,0.0,0.0,3591,44.0,0,1088,0.001090227639263296
474,84758,2016-05-09 18:09:00,2026352035,0,94,0,0.0,0.0,0.0,0.0,3591,50.0,0,1089,0.0010022041887859968
475,84759,2016-05-09 18:10:00,2026352035,0,94,0,0.0,0.0,0.0,0.0,3591,31.0,0,1090,0.0010022041887859968
476,84760,2016-05-09 18:11:00,2026352035,0,101,0,0.0,0.0,0.0,0.0,3591,6.0,0,1091,0.00831563378722602
477,84761,2016-05-09 18:12:00,2026352035,0,103,14,0.0,0.0,0.0,0.0,3605,6.0,0,1092,0.010516844320469588
478,84762,2016-05-09 18:13:00,2026352035,0,104,15,0.0,0.0,0.0,0.0,3620,20.0,0,1093,0.0044549478898677115
479,84763,2016-05-09 18:14:00,2026352035,0,98,51,0.0,0.0,0.0,0.0,3671,35.0,0,1094,0.0005269583884323497
480,84764,2016-05-09 18:15:00,2026352035,0,90,0,0.0,0.0,0.0,0.0,3671,86.0,0,1095,0.0005770950981311458
481,84765,2016-05-09 18:16:00,2026352035,0,90,0,0.0,0.0,0.0,0.0,3671,86.0,0,1096,0.0005770950981311458
482,84766,2016-05-09 18:17:00,2026352035,0,89,0,0.0,0.0,0.0,0.0,3671,86.0,0,1097,0.0005770950981311458
483,84767,2016-05-09 18:18:00,2026352035,0,90,11,0.0,0.0,0.0,0.0,3682,86.0,0,1098,0.0005062221878225766
484,84768,2016-05-09 18:19:00,2026352035,0,89,9,0.0,0.0,0.0,0.0,3691,91.0,0,1099,0.0005062221878225766
485,84769,2016-05-09 18:20:00,2026352035,0,81,0,0.0,0.0,0.0,0.0,3691,100.0,0,1100,0.0012814463310332454
486,84770,2016-05-09 18:21:00,2026352035,0,73,0,0.0,0.0,0.0,0.0,3691,100.0,0,1101,0.0013156508888183126
487,84771,2016-05-09 18:22:00,2026352035,0,80,0,0.0,0.0,0.0,0.0,3691,100.0,0,1102,0.0012814463310332454
488,84772,2016-05-09 18:23:00,2026352035,0,84,0,0.0,0.0,0.0,0.0,3691,86.0,0,1103,0.0005770950981311458
489,84773,2016-05-09 18:24:00,2026352035,0,89,9,0.0,0.0,0.0,0.0,3700,71.0,0,1104,0.0004868773920138398
490,84774,2016-05-09 18:25:00,2026352035,0,94,42,0.0,0.0,0.0,0.0,3742,29.0,0,1105,0.0005269583884323497
491,84775,2016-05-09 18:26:00,2026352035,0,93,29,0.0,0.0,0.0,0.0,3771,71.0,0,1106,0.0005269583884323497
492,84776,2016-05-09 18:27:00,2026352035,0,99,36,0.0,0.0,0.0,0.0,3807,100.0,0,1107,0.001210573420724675
493,84777,2016-05-09 18:28:00,2026352035,0,100,59,0.0,0.0,0.0,0.0,3866,136.0,0,1108,0.0006842289164712991
494,84778,2016-05-09 18:29:00,2026352035,0,96,18,0.0,0.0,0.0,0.0,3884,184.0,0,1109,0.0006028038346037505
495,84779,2016-05-09 18:30:00,2026352035,0,101,0,0.0,0.0,0.0,0.0,3884,193.0,0,1110,0.0004612052598958838
496,84780,2016-05-09 18:31:00,2026352035,0,100,11,0.0,0.0,0.0,0.0,3895,193.0,0,1111,0.0004514662608211817
497,84781,2016-05-09 18:32:00,2026352035,0,97,6,0.0,0.0,0.0,0.0,3901,204.0,0,1112,0.0006028038346037505
498,84782,2016-05-09 18:33:00,2026352035,0,94,0,0.0,0.0,0.0,0.0,3901,210.0,0,1113,0.0006028038346037505
499,84783,2016-05-09 18:34:00,2026352035,0,99,26,0.0,0.0,0.0,0.0,3927,210.0,0,1114,0.0006028038346037505
500,84784,2016-05-09 18:35:00,2026352035,0,100,15,0.0,0.0,0.0,0.0,3942,227.0,0,1115,0.0004514662608211817
501,84785,2016-05-09 18:36:00,2026352035,0,91,0,0.0,0.0,0.0,0.0,3942,200.0,0,1116,0.0006028038346037505
502,84786,2016-05-09 18:37:00,2026352035,0,87,0,0.0,0.0,0.0,0.0,3942,171.0,0,1117,0.0006028038346037505
503,84787,2016-05-09 18:38:00,2026352035,0,86,0,0.0,0.0,0.0,0.0,3942,135.0,0,1118,0.0005757993629166205
504,84788,2016-05-09 18:39:00,2026352035,0,83,0,0.0,0.0,0.0,0.0,3942,76.0,0,1119,0.0005192522971317017
505,84789,2016-05-09 18:40:00,2026352035,0,82,0,0.0,0.0,0.0,0.0,3942,58.0,0,1120,0.0005192522971317017
506,84790,2016-05-09 18:41:00,2026352035,0,82,0,0.0,0.0,0.0,0.0,3942,58.0,0,1121,0.0005192522971317017
507,84791,2016-05-09 18:42:00,2026352035,0,84,0,0.0,0.0,0.0,0.0,3942,47.0,0,1122,0.0005192522971317017
508,84792,2016-05-09 18:43:00,2026352035,0,91,43,0.0,0.0,0.0,0.0,3985,41.0,0,1123,0.0005269583884323497
509,84793,2016-05-09 18:44:00,2026352035,0,104,41,0.0,0.0,0.0,0.0,4026,84.0,0,1124,0.0015909200703647058
510,84794,2016-05-09 18:45:00,2026352035,0,98,38,0.0,0.0,0.0,0.0,4064,99.0,0,1125,0.0011286029790341457
511,84795,2016-05-09 18:46:00,2026352035,0,90,35,0.0,0.0,0.0,0.0,4099,122.0,0,1126,0.0005757993629166205
512,84796,2016-05-09 18:47:00,2026352035,0,87,0,0.0,0.0,0.0,0.0,4099,157.0,0,1127,0.0005757993629166205
513,84797,2016-05-09 18:48:00,2026352035,0,87,0,0.0,0.0,0.0,0.0,4099,157.0,0,1128,0.0005757993629166205
514,84798,2016-05-09 18:49:00,2026352035,0,90,31,0.0,0.0,0.0,0.0,4130,157.0,0,1129,0.0005757993629166205
515,84799,2016-05-09 18:50:00,2026352035,0,93,8,0.0,0.0,0.0,0.0,4138,188.0,0,1130,0.0006028038346037505
516,84800,2016-05-09 18:51:00,2026352035,0,89,4,0.0,0.0,0.0,0.0,4142,196.0,0,1131,0.0006028038346037505
517,84801,2016-05-09 18:52:00,2026352035,0,89,0,0.0,0.0,0.0,0.0,4142,200.0,0,1132,0.0006028038346037505
518,84802,2016-05-09 18:53:00,2026352035,0,101,8,0.0,0.0,0.0,0.0,4150,200.0,0,1133,0.0004612052598958838
519,84803,2016-05-09 18:54:00,2026352035,0,96,16,0.0,0.0,0.0,0.0,4166,165.0,0,1134,0.0006028038346037505
520,84804,2016-05-09 18:55:00,2026352035,0,83,0,0.0,0.0,0.0,0.0,4166,140.0,0,1135,0.0005757993629166205
521,84805,2016-05-09 18:56:00,2026352035,0,85,0,0.0,0.0,0.0,0.0,4166,102.0,0,1136,0.0012814463310332454
522,84806,2016-05-09 18:57:00,2026352035,0,81,0,0.0,0.0,0.0,0.0,4166,67.0,0,1137,0.0005192522971317017
523,84807,2016-05-09 18:58:00,2026352035,0,80,0,0.0,0.0,0.0,0.0,4166,67.0,0,1138,0.0005192522971317017
524,84808,2016-05-09 18:59:00,2026352035,0,83,0,0.0,0.0,0.0,0.0,4166,67.0,0,1139,0.0005192522971317017
525,84809,2016-05-09 19:00:00,2026352035,0,83,0,0.0,0.0,0.0,0.0,4166,36.0,0,1140,0.0005192522971317017
526,84810,2016-05-09 19:01:00,2026352035,0,86,0,0.0,0.0,0.0,0.0,4166,28.0,0,1141,0.0005192522971317017
527,84811,2016-05-09 19:02:00,2026352035,0,90,6,0.0,0.0,0.0,0.0,4172,24.0,0,1142,0.0004610557918902442
528,84812,2016-05-09 19:03:00,2026352035,0,85,0,0.0,0.0,0.0,0.0,4172,30.0,0,1143,0.0005192522971317017
529,84813,2016-05-09 19:04:00,2026352035,0,84,0,0.0,0.0,0.0,0.0,4172,22.0,0,1144,0.0004934306970081057
530,84814,2016-05-09 19:05:00,2026352035,0,87,0,0.0,0.0,0.0,0.0,4172,6.0,0,1145,0.0004967177192979055
531,84815,2016-05-09 19:06:00,2026352035,0,86,8,0.0,0.0,0.0,0.0,4180,6.0,0,1146,0.001387952315172536
532,84816,2016-05-09 19:07:00,2026352035,0,87,0,0.0,0.0,0.0,0.0,4180,14.0,0,1147,0.0004934306970080919
533,84817,2016-05-09 19:08:00,2026352035,0,91,46,0.0,0.0,0.0,0.0,4226,14.0,0,1148,0.000859172147723725
534,84818,2016-05-09 19:09:00,2026352035,0,89,40,0.0,0.0,0.0,0.0,4266,60.0,0,1149,0.0005269583884323497
535,84820,2016-05-09 19:11:00,2026352035,0,81,0,0.0,0.0,0.0,0.0,4266,0.0,0,1151,0.0005695538492185484
536,84821,2016-05-09 19:12:00,2026352035,0,83,18,0.0,0.0,0.0,0.0,4284,0.0,0,1152,0.002008898887614589
537,84822,2016-05-09 19:13:00,2026352035,0,87,23,0.0,0.0,0.0,0.0,4307,18.0,0,1153,0.000859172147723725
538,84823,2016-05-09 19:14:00,2026352035,0,88,9,0.0,0.0,0.0,0.0,4316,41.0,0,1154,0.0004868773920138398
539,84824,2016-05-09 19:15:00,2026352035,0,90,0,0.0,0.0,0.0,0.0,4316,50.0,0,1155,0.0005192522971317017
540,84825,2016-05-09 19:16:00,2026352035,0,90,9,0.0,0.0,0.0,0.0,4325,50.0,0,1156,0.0004868773920138398
541,84826,2016-05-09 19:17:00,2026352035,0,87,6,0.0,0.0,0.0,0.0,4331,59.0,0,1157,0.0004868773920138398
542,84827,2016-05-09 19:18:00,2026352035,0,89,6,0.0,0.0,0.0,0.0,4337,65.0,0,1158,0.0004868773920138398
543,84828,2016-05-09 19:19:00,2026352035,0,88,12,0.0,0.0,0.0,0.0,4349,71.0,0,1159,0.0004868773920138398
544,84829,2016-05-09 19:20:00,2026352035,0,88,14,0.0,0.0,0.0,0.0,4363,83.0,0,1160,0.0005062221878225766
545,84830,2016-05-09 19:21:00,2026352035,0,87,0,0.0,0.0,0.0,0.0,4363,97.0,0,1161,0.0005770950981311458
546,84831,2016-05-09 19:22:00,2026352035,0,89,0,0.0,0.0,0.0,0.0,4363,97.0,0,1162,0.0005770950981311458
547,84832,2016-05-09 19:23:00,2026352035,0,93,27,0.0,0.0,0.0,0.0,4390,79.0,0,1163,0.0005269583884323497
548,84833,2016-05-09 19:24:00,2026352035,0,94,0,0.0,0.0,0.0,0.0,4390,83.0,0,1164,0.0005770950981311458
549,84834,2016-05-09 19:25:00,2026352035,0,98,25,0.0,0.0,0.0,0.0,4415,74.0,0,1165,0.0005269583884323497
550,84835,2016-05-09 19:26:00,2026352035,0,100,88,0.0,0.0,0.0,0.0,4503,99.0,0,1166,0.002126396020205992
551,84836,2016-05-09 19:27:00,2026352035,0,104,63,0.0,0.0,0.0,0.0,4566,178.0,0,1167,0.0004612052598959159
552,84837,2016-05-09 19:28:00,2026352035,0,102,58,0.0,0.0,0.0,0.0,4624,235.0,0,1168,0.0004612052598959159
553,84838,2016-05-09 19:29:00,2026352035,0,106,30,0.0,0.0,0.0,0.0,4654,287.0,0,1169,0.0004612052598958838
554,84839,2016-05-09 19:30:00,2026352035,0,104,21,0.0,0.0,0.0,0.0,4675,305.0,0,1170,0.0004612052598958838
555,84840,2016-05-09 19:31:00,2026352035,0,98,14,0.0,0.0,0.0,0.0,4689,312.0,0,1171,0.0006028038346037505
556,84841,2016-05-09 19:32:00,2026352035,0,97,0,0.0,0.0,0.0,0.0,4689,326.0,0,1172,0.0006028038346037505
557,84842,2016-05-09 19:33:00,2026352035,0,97,9,0.0,0.0,0.0,0.0,4698,326.0,0,1173,0.0006028038346037505
558,84843,2016-05-09 19:34:00,2026352035,0,97,9,0.0,0.0,0.0,0.0,4707,308.0,0,1174,0.0006028038346037505
559,84844,2016-05-09 19:35:00,2026352035,0,97,0,0.0,0.0,0.0,0.0,4707,317.0,0,1175,0.0006028038346037505
560,84845,2016-05-09 19:36:00,2026352035,0,97,9,0.0,0.0,0.0,0.0,4716,292.0,0,1176,0.0027239826331721564
561,84846,2016-05-09 19:37:00,2026352035,0,97,0,0.0,0.0,0.0,0.0,4716,213.0,0,1177,0.0027239826331721564
562,84847,2016-05-09 19:38:00,2026352035,0,97,9,0.0,0.0,0.0,0.0,4725,150.0,0,1178,0.0026850739945526044
563,84848,2016-05-09 19:39:00,2026352035,0,97,14,0.0,0.0,0.0,0.0,4739,101.0,0,1179,0.006026641647611146
564,84849,2016-05-09 19:40:00,2026352035,0,97,16,0.0,0.0,0.0,0.0,4755,85.0,0,1180,0.005117733780913814
565,84850,2016-05-09 19:41:00,2026352035,0,97,62,0.0,0.0,0.0,0.0,4817,80.0,0,1181,0.0005372380005028665
566,84851,2016-05-09 19:42:00,2026352035,0,97,7,0.0,0.0,0.0,0.0,4824,128.0,0,1182,0.00021236691561496164
567,84852,2016-05-09 19:43:00,2026352035,0,97,0,0.0,0.0,0.0,0.0,4824,135.0,0,1183,0.00021236691561496164
568,84853,2016-05-09 19:44:00,2026352035,0,97,0,0.0,0.0,0.0,0.0,4824,126.0,0,1184,0.00021236691561496164
569,84855,2016-05-09 19:46:00,2026352035,0,97,0,0.0,0.0,0.0,0.0,4824,0.0,0,1186,0.0006130005837466361
570,84856,2016-05-09 19:47:00,2026352035,0,92,0,0.0,0.0,0.0,0.0,4824,0.0,0,1187,0.0006130005837466361
571,84857,2016-05-09 19:48:00,2026352035,0,88,0,0.0,0.0,0.0,0.0,4824,0.0,0,1188,0.0006130005837466361
572,84858,2016-05-09 19:49:00,2026352035,0,89,0,0.0,0.0,0.0,0.0,4824,0.0,0,1189,0.0006130005837466361
